"Summary","Issue Type","Description","Labels","Epic Name","External ID"
"[BUILD-AGPECASPC-seg040] Espera pelas interposicoes, com prorrogacao de prazo","Story","*Construir o troco da jornada que vai de 'Start Event' a 'Controla Datas', reproduzindo o comportamento observado no legado.*

h3. Contexto
Troco de 9 passo(s) da jornada do caso, de 'Start Event' ate 'Controla Datas', no processo AGPECASPC. ATENCAO: 1 passo(s) sao alcancados por ligacao que NAO existe como transicao no XPDL (fronteira) e tem de ser escrita explicitamente no fluxo .NET. O troco corre dentro de um processo chamado a partir de 'CONTROPC/Aguardar Retorno', e e dai que herda a etapa.

h3. Hipoteses a confirmar
_Parecer de analise, nao facto. Confirmar antes de assumir._
* DATACONTROLE em SW_NA significa PRIMEIRA VOLTA do laco e nao 'sem data': se o sentinela sair do ciclo em vez de entrar, o processo nunca espera, porque na primeira volta o campo esta sempre por preencher.
* DATACONTROLE precisa de um estado 'nunca esperou' representavel e distinto de qualquer data valida - e o caso de uso directo do tipo tri-estado.

h3. Passos
# (startEvent) Start Event
# (scriptTask) Set Values -- 1 regra(s) de negocio neste passo: RI-script-AGPECASPC-SetValues
# (gateway) gateway _vshgkF6fEfGJqLUhfbpFcQ
# (gateway) gateway _EvOwVF6eEfGJqLUhfbpFcQ -- decide: Ja se esperou pelo prazo em vigor?; 1 regra(s) de negocio neste passo: RI-transition-AGPECASPC-gatewayEvOwVF6eEfGJqLUhfbpFcQ
# (scriptTask) SetPrazo
# (receiveTask) Aguardar Interposicoes
# (timerEvent) timerEvent _EvOwRF6eEfGJqLUhfbpFcQ -- entra por *fronteira* - nao existe como transicao no XPDL
# (scriptTask) Set Flag Decurso
# (scriptTask) Controla Datas

h3. Onde aterra
* {{src/SefazSp.Epat.Api/Endpoints}} -- _scaffold_ -- Evento externo precisa de chave de correlacao (ICorrelationStore) e de um ponto de entrada para a retomada. gaps.external-event = bookmark-correlation.
* {{src/SefazSp.Epat.Application/Abstractions/Runtime}} -- _final_ -- Evento externo precisa de chave de correlacao (ICorrelationStore) e de um ponto de entrada para a retomada. gaps.external-event = bookmark-correlation.
* {{src/SefazSp.Epat.Application/Execution}} -- _scaffold_ -- O script do iProcess faz as duas coisas. O que calcula ou decide sobre o caso e regra de dominio e vai para Domain/Rules como funcao pura; o que mexe no envelope tecnico - STATUS_CODE, contadores de retentativa - fica em Application/Execution. A separacao ja esta feita em rule-catalogue.json, campo classification.eRegraDeNegocio.
* {{src/SefazSp.Epat.Application/Workflows}} -- _scaffold_ -- A condicao ja esta extraida do XPDL. O desvio e topologia, e topologia e dado - nao codigo espalhado.
* {{src/SefazSp.Epat.Domain/Abstractions}} -- _final_ -- O prazo e agendamento, logo topologia; mas depende de tempo, e tempo entra por IClock injectado. Nunca DateTime.Now - o teste de prazo precisa de relogio controlavel.
* {{src/SefazSp.Epat.Domain/Rules}} -- _draft_ -- O script do iProcess faz as duas coisas. O que calcula ou decide sobre o caso e regra de dominio e vai para Domain/Rules como funcao pura; o que mexe no envelope tecnico - STATUS_CODE, contadores de retentativa - fica em Application/Execution. A separacao ja esta feita em rule-catalogue.json, campo classification.eRegraDeNegocio.

h3. Como se prova
Oraculo *scenario-path*, 2 caso(s), fixture {{artifacts/POC_Epat/scenarios/SC-AGPECASPC-002.json}}.
{panel:bgColor=#fffae6}Os valores esperados sao do kit e sao imutaveis. Ligar o arnes a fixture; nunca escrever nem editar um valor esperado.{panel}
* Build limpo, sem avisos
* O percurso do passo 1 ao 9 do cenario SC-AGPECASPC-002 corre de ponta a ponta

h3. Bloqueadores
* *iprocess-builtin* (decided) -- 1 no(s) deste segmento, de 17 no pacote inteiro. Decisao ratificada em NOEQ-iprocess-builtin.
* *external-event* (decided) -- 1 no(s) deste segmento, de 6 no pacote inteiro. Decisao ratificada em NOEQ-external-event.

h3. Rasto
Card {{BUILD-AGPECASPC-seg040}} -- IR {{scenarios[SC-AGPECASPC-002].segmentos[1]}} -- pacote {{POC_Epat}} -- manifesto {{e319db2a191633c242c3768767273b292a21aaeceae26ac0e73993f5b80a7b38}}
_Antes de implementar, reconferir o manifesto: se nao bater, o card tem de ser regerado e nao implementado._","bloq:external-event bloq:iprocess-builtin card:BUILD-AGPECASPC-seg040 epat-migracao etapa:4 gerado-pelo-kit peso:atravessa-o-sistema SAIAPP tipo:build","EPIC-etapa-4","BUILD-AGPECASPC-seg040"
"[BUILD-AGPECASPC-seg044] Verificação do Retorno do Decisions: de 'Start Event' ate 'End Event'","Story","*Construir o troco da jornada que vai de 'Start Event' a 'End Event', reproduzindo o comportamento observado no legado.*

h3. Contexto
Troco de 5 passo(s) da jornada do caso, de 'Start Event' ate 'End Event', no processo AGPECASPC. O troco corre dentro de um processo chamado a partir de 'CONTROPC/Aguardar Retorno', e e dai que herda a etapa.

h3. Passos
# (startEvent) Start Event
# (scriptTask) Set Values -- 1 regra(s) de negocio neste passo: RI-script-AGPECASPC-SetValues
# (gateway) gateway _vshgkF6fEfGJqLUhfbpFcQ
# (gateway) gateway _EvOwVF6eEfGJqLUhfbpFcQ -- decide: Ja se esperou pelo prazo em vigor?; 1 regra(s) de negocio neste passo: RI-transition-AGPECASPC-gatewayEvOwVF6eEfGJqLUhfbpFcQ
# (endEvent) End Event

h3. Onde aterra
* {{src/SefazSp.Epat.Application/Workflows}} -- _scaffold_ -- A condicao ja esta extraida do XPDL. O desvio e topologia, e topologia e dado - nao codigo espalhado.
* {{src/SefazSp.Epat.Domain/Rules}} -- _draft_ -- O script do iProcess faz as duas coisas. O que calcula ou decide sobre o caso e regra de dominio e vai para Domain/Rules como funcao pura; o que mexe no envelope tecnico - STATUS_CODE, contadores de retentativa - fica em Application/Execution. A separacao ja esta feita em rule-catalogue.json, campo classification.eRegraDeNegocio.

h3. Como se prova
Oraculo *scenario-path*, 1 caso(s), fixture {{artifacts/POC_Epat/scenarios/SC-AGPECASPC-003.json}}.
{panel:bgColor=#fffae6}Os valores esperados sao do kit e sao imutaveis. Ligar o arnes a fixture; nunca escrever nem editar um valor esperado.{panel}
* Build limpo, sem avisos
* O percurso do passo 1 ao 5 do cenario SC-AGPECASPC-003 corre de ponta a ponta

h3. Bloqueadores
* *iprocess-builtin* (decided) -- 1 no(s) deste segmento, de 17 no pacote inteiro. Decisao ratificada em NOEQ-iprocess-builtin.

h3. Rasto
Card {{BUILD-AGPECASPC-seg044}} -- IR {{scenarios[SC-AGPECASPC-003].segmentos[1]}} -- pacote {{POC_Epat}} -- manifesto {{e319db2a191633c242c3768767273b292a21aaeceae26ac0e73993f5b80a7b38}}
_Antes de implementar, reconferir o manifesto: se nao bater, o card tem de ser regerado e nao implementado._","bloq:iprocess-builtin card:BUILD-AGPECASPC-seg044 epat-migracao etapa:4 gerado-pelo-kit peso:grande SAIAPP tipo:build","EPIC-etapa-4","BUILD-AGPECASPC-seg044"
"[BUILD-ATZINTPC-seg041] Verificação do Retorno do Decisions: de 'Start Event' ate 'Done - Bail'","Story","*Construir o troco da jornada que vai de 'Start Event' a 'Done - Bail', reproduzindo o comportamento observado no legado.*

h3. Contexto
Troco de 20 passo(s) da jornada do caso, de 'Start Event' ate 'Done - Bail', no processo ATZINTPC. ATENCAO: 2 passo(s) sao alcancados por ligacao que NAO existe como transicao no XPDL (descida, regresso) e tem de ser escrita explicitamente no fluxo .NET. O troco corre dentro de um processo chamado a partir de 'CONTROPC/AtualizaIntimacao', e e dai que herda a etapa.

h3. Passos
# (startEvent) Start Event
# (scriptTask) SetParameters -- 1 regra(s) de negocio neste passo: RI-script-ATZINTPC-SetParameters
# (scriptTask) Start Loop
# (subProcessScope) Control System Task Call
# (startEvent) startEvent _RNdKFl6PEfGBBLgT-R5iuw -- entra por *descida* - nao existe como transicao no XPDL
# (scriptTask) Start TX
# (gateway) Check Retries SW_QRETRYCOUNT -- 1 regra(s) de negocio neste passo: RI-transition-ATZINTPC-CheckRetriesSWQRETRYCOUNT
# (serviceTask) AtualizarIntimacao
# (gateway) gateway _RNdKGl6PEfGBBLgT-R5iuw -- decide: A chamada a AtualizarIntimacao foi bem sucedida?
# (scriptTask) Set App Error
# (gateway) gateway _RNdKG16PEfGBBLgT-R5iuw
# (endEvent) endEvent _RNdKF16PEfGBBLgT-R5iuw
# (gateway) Tech Error -- entra por *regresso* - nao existe como transicao no XPDL
# (gateway) App Error
# (gateway) More Retries
# (gateway) gateway _RNdJ216PEfGBBLgT-R5iuw
# (userTask) Manipular Excecao
# (gateway) Manually Fixed
# (gateway) Try Again
# (endEvent) Done - Bail
# (scriptTask) Set Technical Error -- Visitado noutra passagem por este mesmo troco (SC-ATZINTPC-015); nao aparece no percurso de referencia.

h3. Onde aterra
* {{src/SefazSp.Epat.Application/Abstractions/Services}} -- _final_ -- A porta e transcricao do WSDL e nao se mexe; a implementacao SOAP/JMS e que se escreve.
* {{src/SefazSp.Epat.Application/Execution}} -- _scaffold_ -- O script do iProcess faz as duas coisas. O que calcula ou decide sobre o caso e regra de dominio e vai para Domain/Rules como funcao pura; o que mexe no envelope tecnico - STATUS_CODE, contadores de retentativa - fica em Application/Execution. A separacao ja esta feita em rule-catalogue.json, campo classification.eRegraDeNegocio.
* {{src/SefazSp.Epat.Application/UseCases}} -- _scaffold_ -- Tarefa humana e um caso de uso. As regras do code-behind das telas aterram aqui porque decidem o desfecho do processo, nao a apresentacao.
* {{src/SefazSp.Epat.Application/Workflows}} -- _scaffold_ -- Escopo embutido e topologia: a descida e o regresso tem de existir como transicao explicita, porque no XPDL nao existem.
* {{src/SefazSp.Epat.Domain/Rules}} -- _draft_ -- O script do iProcess faz as duas coisas. O que calcula ou decide sobre o caso e regra de dominio e vai para Domain/Rules como funcao pura; o que mexe no envelope tecnico - STATUS_CODE, contadores de retentativa - fica em Application/Execution. A separacao ja esta feita em rule-catalogue.json, campo classification.eRegraDeNegocio.
* {{src/SefazSp.Epat.Infrastructure/Integration.Soap}} -- _scaffold_ -- A porta e transcricao do WSDL e nao se mexe; a implementacao SOAP/JMS e que se escreve.

h3. Como se prova
Oraculo *scenario-path*, 6 caso(s), fixture {{artifacts/POC_Epat/scenarios/SC-ATZINTPC-009.json}}.
{panel:bgColor=#fffae6}Os valores esperados sao do kit e sao imutaveis. Ligar o arnes a fixture; nunca escrever nem editar um valor esperado.{panel}
* Build limpo, sem avisos
* O percurso do passo 1 ao 20 do cenario SC-ATZINTPC-009 corre de ponta a ponta

h3. Bloqueadores
* *iprocess-builtin* (decided) -- 2 no(s) deste segmento, de 17 no pacote inteiro. Decisao ratificada em NOEQ-iprocess-builtin.

h3. Rasto
Card {{BUILD-ATZINTPC-seg041}} -- IR {{scenarios[SC-ATZINTPC-009].segmentos[1]}} -- pacote {{POC_Epat}} -- manifesto {{e319db2a191633c242c3768767273b292a21aaeceae26ac0e73993f5b80a7b38}}
_Antes de implementar, reconferir o manifesto: se nao bater, o card tem de ser regerado e nao implementado._","bloq:iprocess-builtin card:BUILD-ATZINTPC-seg041 epat-migracao etapa:4 gerado-pelo-kit peso:atravessa-o-sistema SAIAPP tipo:build","EPIC-etapa-4","BUILD-ATZINTPC-seg041"
"[BUILD-ATZINTPC-seg042] Verificação do Retorno do Decisions: de 'Start Event' ate 'Done - Fixed'","Story","*Construir o troco da jornada que vai de 'Start Event' a 'Done - Fixed', reproduzindo o comportamento observado no legado.*

h3. Contexto
Troco de 19 passo(s) da jornada do caso, de 'Start Event' ate 'Done - Fixed', no processo ATZINTPC. ATENCAO: 2 passo(s) sao alcancados por ligacao que NAO existe como transicao no XPDL (descida, regresso) e tem de ser escrita explicitamente no fluxo .NET. O troco corre dentro de um processo chamado a partir de 'CONTROPC/AtualizaIntimacao', e e dai que herda a etapa.

h3. Passos
# (startEvent) Start Event
# (scriptTask) SetParameters -- 1 regra(s) de negocio neste passo: RI-script-ATZINTPC-SetParameters
# (scriptTask) Start Loop
# (subProcessScope) Control System Task Call
# (startEvent) startEvent _RNdKFl6PEfGBBLgT-R5iuw -- entra por *descida* - nao existe como transicao no XPDL
# (scriptTask) Start TX
# (gateway) Check Retries SW_QRETRYCOUNT -- 1 regra(s) de negocio neste passo: RI-transition-ATZINTPC-CheckRetriesSWQRETRYCOUNT
# (serviceTask) AtualizarIntimacao
# (gateway) gateway _RNdKGl6PEfGBBLgT-R5iuw -- decide: A chamada a AtualizarIntimacao foi bem sucedida?
# (scriptTask) Set App Error
# (gateway) gateway _RNdKG16PEfGBBLgT-R5iuw
# (endEvent) endEvent _RNdKF16PEfGBBLgT-R5iuw
# (gateway) Tech Error -- entra por *regresso* - nao existe como transicao no XPDL
# (gateway) App Error
# (gateway) More Retries
# (gateway) gateway _RNdJ216PEfGBBLgT-R5iuw
# (userTask) Manipular Excecao
# (gateway) Manually Fixed
# (endEvent) Done - Fixed
# (scriptTask) Set Technical Error -- Visitado noutra passagem por este mesmo troco (SC-ATZINTPC-014); nao aparece no percurso de referencia.

h3. Onde aterra
* {{src/SefazSp.Epat.Application/Abstractions/Services}} -- _final_ -- A porta e transcricao do WSDL e nao se mexe; a implementacao SOAP/JMS e que se escreve.
* {{src/SefazSp.Epat.Application/Execution}} -- _scaffold_ -- O script do iProcess faz as duas coisas. O que calcula ou decide sobre o caso e regra de dominio e vai para Domain/Rules como funcao pura; o que mexe no envelope tecnico - STATUS_CODE, contadores de retentativa - fica em Application/Execution. A separacao ja esta feita em rule-catalogue.json, campo classification.eRegraDeNegocio.
* {{src/SefazSp.Epat.Application/UseCases}} -- _scaffold_ -- Tarefa humana e um caso de uso. As regras do code-behind das telas aterram aqui porque decidem o desfecho do processo, nao a apresentacao.
* {{src/SefazSp.Epat.Application/Workflows}} -- _scaffold_ -- Escopo embutido e topologia: a descida e o regresso tem de existir como transicao explicita, porque no XPDL nao existem.
* {{src/SefazSp.Epat.Domain/Rules}} -- _draft_ -- O script do iProcess faz as duas coisas. O que calcula ou decide sobre o caso e regra de dominio e vai para Domain/Rules como funcao pura; o que mexe no envelope tecnico - STATUS_CODE, contadores de retentativa - fica em Application/Execution. A separacao ja esta feita em rule-catalogue.json, campo classification.eRegraDeNegocio.
* {{src/SefazSp.Epat.Infrastructure/Integration.Soap}} -- _scaffold_ -- A porta e transcricao do WSDL e nao se mexe; a implementacao SOAP/JMS e que se escreve.

h3. Como se prova
Oraculo *scenario-path*, 6 caso(s), fixture {{artifacts/POC_Epat/scenarios/SC-ATZINTPC-008.json}}.
{panel:bgColor=#fffae6}Os valores esperados sao do kit e sao imutaveis. Ligar o arnes a fixture; nunca escrever nem editar um valor esperado.{panel}
* Build limpo, sem avisos
* O percurso do passo 1 ao 19 do cenario SC-ATZINTPC-008 corre de ponta a ponta

h3. Bloqueadores
* *iprocess-builtin* (decided) -- 2 no(s) deste segmento, de 17 no pacote inteiro. Decisao ratificada em NOEQ-iprocess-builtin.

h3. Rasto
Card {{BUILD-ATZINTPC-seg042}} -- IR {{scenarios[SC-ATZINTPC-008].segmentos[1]}} -- pacote {{POC_Epat}} -- manifesto {{e319db2a191633c242c3768767273b292a21aaeceae26ac0e73993f5b80a7b38}}
_Antes de implementar, reconferir o manifesto: se nao bater, o card tem de ser regerado e nao implementado._","bloq:iprocess-builtin card:BUILD-ATZINTPC-seg042 epat-migracao etapa:4 gerado-pelo-kit peso:atravessa-o-sistema SAIAPP tipo:build","EPIC-etapa-4","BUILD-ATZINTPC-seg042"
"[BUILD-ATZINTPC-seg043] Verificação do Retorno do Decisions: de 'Start Event' ate 'Done - Success'","Story","*Construir o troco da jornada que vai de 'Start Event' a 'Done - Success', reproduzindo o comportamento observado no legado.*

h3. Contexto
Troco de 15 passo(s) da jornada do caso, de 'Start Event' ate 'Done - Success', no processo ATZINTPC. ATENCAO: 2 passo(s) sao alcancados por ligacao que NAO existe como transicao no XPDL (descida, regresso) e tem de ser escrita explicitamente no fluxo .NET. O troco corre dentro de um processo chamado a partir de 'CONTROPC/AtualizaIntimacao', e e dai que herda a etapa.

h3. Passos
# (startEvent) Start Event
# (scriptTask) SetParameters -- 1 regra(s) de negocio neste passo: RI-script-ATZINTPC-SetParameters
# (scriptTask) Start Loop
# (subProcessScope) Control System Task Call
# (startEvent) startEvent _RNdKFl6PEfGBBLgT-R5iuw -- entra por *descida* - nao existe como transicao no XPDL
# (scriptTask) Start TX
# (gateway) Check Retries SW_QRETRYCOUNT -- 1 regra(s) de negocio neste passo: RI-transition-ATZINTPC-CheckRetriesSWQRETRYCOUNT
# (serviceTask) AtualizarIntimacao
# (gateway) gateway _RNdKGl6PEfGBBLgT-R5iuw -- decide: A chamada a AtualizarIntimacao foi bem sucedida?
# (scriptTask) Set App Error
# (gateway) gateway _RNdKG16PEfGBBLgT-R5iuw
# (endEvent) endEvent _RNdKF16PEfGBBLgT-R5iuw
# (gateway) Tech Error -- entra por *regresso* - nao existe como transicao no XPDL
# (gateway) App Error
# (endEvent) Done - Success
# (scriptTask) Set Technical Error -- Visitado noutra passagem por este mesmo troco (SC-ATZINTPC-016); nao aparece no percurso de referencia.

h3. Onde aterra
* {{src/SefazSp.Epat.Application/Abstractions/Services}} -- _final_ -- A porta e transcricao do WSDL e nao se mexe; a implementacao SOAP/JMS e que se escreve.
* {{src/SefazSp.Epat.Application/Execution}} -- _scaffold_ -- O script do iProcess faz as duas coisas. O que calcula ou decide sobre o caso e regra de dominio e vai para Domain/Rules como funcao pura; o que mexe no envelope tecnico - STATUS_CODE, contadores de retentativa - fica em Application/Execution. A separacao ja esta feita em rule-catalogue.json, campo classification.eRegraDeNegocio.
* {{src/SefazSp.Epat.Application/Workflows}} -- _scaffold_ -- Escopo embutido e topologia: a descida e o regresso tem de existir como transicao explicita, porque no XPDL nao existem.
* {{src/SefazSp.Epat.Domain/Rules}} -- _draft_ -- O script do iProcess faz as duas coisas. O que calcula ou decide sobre o caso e regra de dominio e vai para Domain/Rules como funcao pura; o que mexe no envelope tecnico - STATUS_CODE, contadores de retentativa - fica em Application/Execution. A separacao ja esta feita em rule-catalogue.json, campo classification.eRegraDeNegocio.
* {{src/SefazSp.Epat.Infrastructure/Integration.Soap}} -- _scaffold_ -- A porta e transcricao do WSDL e nao se mexe; a implementacao SOAP/JMS e que se escreve.

h3. Como se prova
Oraculo *scenario-path*, 3 caso(s), fixture {{artifacts/POC_Epat/scenarios/SC-ATZINTPC-010.json}}.
{panel:bgColor=#fffae6}Os valores esperados sao do kit e sao imutaveis. Ligar o arnes a fixture; nunca escrever nem editar um valor esperado.{panel}
* Build limpo, sem avisos
* O percurso do passo 1 ao 15 do cenario SC-ATZINTPC-010 corre de ponta a ponta

h3. Bloqueadores
* *iprocess-builtin* (decided) -- 2 no(s) deste segmento, de 17 no pacote inteiro. Decisao ratificada em NOEQ-iprocess-builtin.

h3. Rasto
Card {{BUILD-ATZINTPC-seg043}} -- IR {{scenarios[SC-ATZINTPC-010].segmentos[1]}} -- pacote {{POC_Epat}} -- manifesto {{e319db2a191633c242c3768767273b292a21aaeceae26ac0e73993f5b80a7b38}}
_Antes de implementar, reconferir o manifesto: se nao bater, o card tem de ser regerado e nao implementado._","bloq:iprocess-builtin card:BUILD-ATZINTPC-seg043 epat-migracao etapa:4 gerado-pelo-kit peso:atravessa-o-sistema SAIAPP tipo:build","EPIC-etapa-4","BUILD-ATZINTPC-seg043"
"[BUILD-ATZINTPC-seg046] Verificação do Retorno do Decisions: de 'Start Event' ate 'Try Task'","Story","*Construir o troco da jornada que vai de 'Start Event' a 'Try Task', reproduzindo o comportamento observado no legado.*

h3. Contexto
Troco de 18 passo(s) da jornada do caso, de 'Start Event' ate 'Try Task', no processo ATZINTPC. ATENCAO: 3 passo(s) sao alcancados por ligacao que NAO existe como transicao no XPDL (descida, link, regresso) e tem de ser escrita explicitamente no fluxo .NET. O troco corre dentro de um processo chamado a partir de 'CONTROPC/AtualizaIntimacao', e e dai que herda a etapa.

h3. Passos
# (startEvent) Start Event
# (scriptTask) SetParameters -- 1 regra(s) de negocio neste passo: RI-script-ATZINTPC-SetParameters
# (scriptTask) Start Loop
# (subProcessScope) Control System Task Call
# (startEvent) startEvent _RNdKFl6PEfGBBLgT-R5iuw -- entra por *descida* - nao existe como transicao no XPDL
# (scriptTask) Start TX
# (gateway) Check Retries SW_QRETRYCOUNT -- 1 regra(s) de negocio neste passo: RI-transition-ATZINTPC-CheckRetriesSWQRETRYCOUNT
# (serviceTask) AtualizarIntimacao
# (gateway) gateway _RNdKGl6PEfGBBLgT-R5iuw -- decide: A chamada a AtualizarIntimacao foi bem sucedida?
# (scriptTask) Set App Error
# (gateway) gateway _RNdKG16PEfGBBLgT-R5iuw
# (endEvent) endEvent _RNdKF16PEfGBBLgT-R5iuw
# (gateway) Tech Error -- entra por *regresso* - nao existe como transicao no XPDL
# (gateway) App Error
# (gateway) More Retries
# (timerEvent) Pause
# (linkThrow) Link To: Try Task
# (linkCatch) Try Task -- entra por *link* - nao existe como transicao no XPDL
# (scriptTask) Set Technical Error -- Visitado noutra passagem por este mesmo troco (SC-ATZINTPC-013); nao aparece no percurso de referencia.

h3. Onde aterra
* {{src/SefazSp.Epat.Application/Abstractions/Services}} -- _final_ -- A porta e transcricao do WSDL e nao se mexe; a implementacao SOAP/JMS e que se escreve.
* {{src/SefazSp.Epat.Application/Execution}} -- _scaffold_ -- O script do iProcess faz as duas coisas. O que calcula ou decide sobre o caso e regra de dominio e vai para Domain/Rules como funcao pura; o que mexe no envelope tecnico - STATUS_CODE, contadores de retentativa - fica em Application/Execution. A separacao ja esta feita em rule-catalogue.json, campo classification.eRegraDeNegocio.
* {{src/SefazSp.Epat.Application/Workflows}} -- _scaffold_ -- Escopo embutido e topologia: a descida e o regresso tem de existir como transicao explicita, porque no XPDL nao existem.
* {{src/SefazSp.Epat.Domain/Abstractions}} -- _final_ -- O prazo e agendamento, logo topologia; mas depende de tempo, e tempo entra por IClock injectado. Nunca DateTime.Now - o teste de prazo precisa de relogio controlavel.
* {{src/SefazSp.Epat.Domain/Rules}} -- _draft_ -- O script do iProcess faz as duas coisas. O que calcula ou decide sobre o caso e regra de dominio e vai para Domain/Rules como funcao pura; o que mexe no envelope tecnico - STATUS_CODE, contadores de retentativa - fica em Application/Execution. A separacao ja esta feita em rule-catalogue.json, campo classification.eRegraDeNegocio.
* {{src/SefazSp.Epat.Infrastructure/Integration.Soap}} -- _scaffold_ -- A porta e transcricao do WSDL e nao se mexe; a implementacao SOAP/JMS e que se escreve.

h3. Como se prova
Oraculo *scenario-path*, 3 caso(s), fixture {{artifacts/POC_Epat/scenarios/SC-ATZINTPC-007.json}}.
{panel:bgColor=#fffae6}Os valores esperados sao do kit e sao imutaveis. Ligar o arnes a fixture; nunca escrever nem editar um valor esperado.{panel}
* Build limpo, sem avisos
* O percurso do passo 1 ao 18 do cenario SC-ATZINTPC-007 corre de ponta a ponta

h3. Bloqueadores
* *iprocess-builtin* (decided) -- 2 no(s) deste segmento, de 17 no pacote inteiro. Decisao ratificada em NOEQ-iprocess-builtin.
* *link-goto* (decided) -- 2 no(s) deste segmento, de 20 no pacote inteiro. Decisao ratificada em NOEQ-link-goto.

h3. Rasto
Card {{BUILD-ATZINTPC-seg046}} -- IR {{scenarios[SC-ATZINTPC-007].segmentos[1]}} -- pacote {{POC_Epat}} -- manifesto {{e319db2a191633c242c3768767273b292a21aaeceae26ac0e73993f5b80a7b38}}
_Antes de implementar, reconferir o manifesto: se nao bater, o card tem de ser regerado e nao implementado._","bloq:iprocess-builtin bloq:link-goto card:BUILD-ATZINTPC-seg046 epat-migracao etapa:4 gerado-pelo-kit peso:atravessa-o-sistema SAIAPP tipo:build","EPIC-etapa-4","BUILD-ATZINTPC-seg046"
"[BUILD-BSCENVPC-seg002] Fechamento do AIIM + Notificação do AIIM: de 'Busca Envolvidos Vista Por AIIM' ate 'Done - Bail'","Story","*Construir o troco da jornada que vai de 'Busca Envolvidos Vista Por AIIM' a 'Done - Bail', reproduzindo o comportamento observado no legado.*

h3. Contexto
Troco de 13 passo(s) da jornada do caso, de 'Busca Envolvidos Vista Por AIIM' ate 'Done - Bail', no processo BSCENVPC. ATENCAO: 1 passo(s) sao alcancados por ligacao que NAO existe como transicao no XPDL (regresso) e tem de ser escrita explicitamente no fluxo .NET.

h3. Passos
# (serviceTask) Busca Envolvidos Vista Por AIIM
# (gateway) gateway _qIDu4l6BEfGBBLgT-R5iuw -- decide: A chamada a Busca Envolvidos Vista Por AIIM foi bem sucedida?
# (scriptTask) Set App Error
# (gateway) gateway _qIDu416BEfGBBLgT-R5iuw
# (endEvent) endEvent _qIDu316BEfGBBLgT-R5iuw
# (gateway) Tech Error -- entra por *regresso* - nao existe como transicao no XPDL
# (gateway) App Error
# (gateway) More Retries
# (gateway) gateway _qIDupl6BEfGBBLgT-R5iuw
# (userTask) Manipular Excecao
# (gateway) Manually Fixed
# (gateway) Try Again
# (endEvent) Done - Bail

h3. Onde aterra
* {{src/SefazSp.Epat.Application/Abstractions/Services}} -- _final_ -- A porta e transcricao do WSDL e nao se mexe; a implementacao SOAP/JMS e que se escreve.
* {{src/SefazSp.Epat.Application/Execution}} -- _scaffold_ -- O script do iProcess faz as duas coisas. O que calcula ou decide sobre o caso e regra de dominio e vai para Domain/Rules como funcao pura; o que mexe no envelope tecnico - STATUS_CODE, contadores de retentativa - fica em Application/Execution. A separacao ja esta feita em rule-catalogue.json, campo classification.eRegraDeNegocio.
* {{src/SefazSp.Epat.Application/UseCases}} -- _scaffold_ -- Tarefa humana e um caso de uso. As regras do code-behind das telas aterram aqui porque decidem o desfecho do processo, nao a apresentacao.
* {{src/SefazSp.Epat.Application/Workflows}} -- _scaffold_ -- A condicao ja esta extraida do XPDL. O desvio e topologia, e topologia e dado - nao codigo espalhado.
* {{src/SefazSp.Epat.Infrastructure/Integration.Soap}} -- _scaffold_ -- A porta e transcricao do WSDL e nao se mexe; a implementacao SOAP/JMS e que se escreve.

h3. Como se prova
Oraculo *scenario-path*, 4 caso(s), fixture {{artifacts/POC_Epat/scenarios/SC-BSCENVPC-009.json}}.
{panel:bgColor=#fffae6}Os valores esperados sao do kit e sao imutaveis. Ligar o arnes a fixture; nunca escrever nem editar um valor esperado.{panel}
* Build limpo, sem avisos
* O percurso do passo 8 ao 20 do cenario SC-BSCENVPC-009 corre de ponta a ponta

h3. Rasto
Card {{BUILD-BSCENVPC-seg002}} -- IR {{scenarios[SC-BSCENVPC-009].segmentos[1]}} -- pacote {{POC_Epat}} -- manifesto {{e319db2a191633c242c3768767273b292a21aaeceae26ac0e73993f5b80a7b38}}
_Antes de implementar, reconferir o manifesto: se nao bater, o card tem de ser regerado e nao implementado._","card:BUILD-BSCENVPC-seg002 epat-migracao etapa:1 etapa:2 gerado-pelo-kit peso:grande SAIAPP tipo:build","EPIC-etapa-1","BUILD-BSCENVPC-seg002"
"[BUILD-BSCENVPC-seg003] Fechamento do AIIM + Notificação do AIIM: de 'Busca Envolvidos Vista Por AIIM' ate 'Done - Fixed'","Story","*Construir o troco da jornada que vai de 'Busca Envolvidos Vista Por AIIM' a 'Done - Fixed', reproduzindo o comportamento observado no legado.*

h3. Contexto
Troco de 12 passo(s) da jornada do caso, de 'Busca Envolvidos Vista Por AIIM' ate 'Done - Fixed', no processo BSCENVPC. ATENCAO: 1 passo(s) sao alcancados por ligacao que NAO existe como transicao no XPDL (regresso) e tem de ser escrita explicitamente no fluxo .NET.

h3. Passos
# (serviceTask) Busca Envolvidos Vista Por AIIM
# (gateway) gateway _qIDu4l6BEfGBBLgT-R5iuw -- decide: A chamada a Busca Envolvidos Vista Por AIIM foi bem sucedida?
# (scriptTask) Set App Error
# (gateway) gateway _qIDu416BEfGBBLgT-R5iuw
# (endEvent) endEvent _qIDu316BEfGBBLgT-R5iuw
# (gateway) Tech Error -- entra por *regresso* - nao existe como transicao no XPDL
# (gateway) App Error
# (gateway) More Retries
# (gateway) gateway _qIDupl6BEfGBBLgT-R5iuw
# (userTask) Manipular Excecao
# (gateway) Manually Fixed
# (endEvent) Done - Fixed

h3. Onde aterra
* {{src/SefazSp.Epat.Application/Abstractions/Services}} -- _final_ -- A porta e transcricao do WSDL e nao se mexe; a implementacao SOAP/JMS e que se escreve.
* {{src/SefazSp.Epat.Application/Execution}} -- _scaffold_ -- O script do iProcess faz as duas coisas. O que calcula ou decide sobre o caso e regra de dominio e vai para Domain/Rules como funcao pura; o que mexe no envelope tecnico - STATUS_CODE, contadores de retentativa - fica em Application/Execution. A separacao ja esta feita em rule-catalogue.json, campo classification.eRegraDeNegocio.
* {{src/SefazSp.Epat.Application/UseCases}} -- _scaffold_ -- Tarefa humana e um caso de uso. As regras do code-behind das telas aterram aqui porque decidem o desfecho do processo, nao a apresentacao.
* {{src/SefazSp.Epat.Application/Workflows}} -- _scaffold_ -- A condicao ja esta extraida do XPDL. O desvio e topologia, e topologia e dado - nao codigo espalhado.
* {{src/SefazSp.Epat.Infrastructure/Integration.Soap}} -- _scaffold_ -- A porta e transcricao do WSDL e nao se mexe; a implementacao SOAP/JMS e que se escreve.

h3. Como se prova
Oraculo *scenario-path*, 4 caso(s), fixture {{artifacts/POC_Epat/scenarios/SC-BSCENVPC-008.json}}.
{panel:bgColor=#fffae6}Os valores esperados sao do kit e sao imutaveis. Ligar o arnes a fixture; nunca escrever nem editar um valor esperado.{panel}
* Build limpo, sem avisos
* O percurso do passo 8 ao 19 do cenario SC-BSCENVPC-008 corre de ponta a ponta

h3. Rasto
Card {{BUILD-BSCENVPC-seg003}} -- IR {{scenarios[SC-BSCENVPC-008].segmentos[1]}} -- pacote {{POC_Epat}} -- manifesto {{e319db2a191633c242c3768767273b292a21aaeceae26ac0e73993f5b80a7b38}}
_Antes de implementar, reconferir o manifesto: se nao bater, o card tem de ser regerado e nao implementado._","card:BUILD-BSCENVPC-seg003 epat-migracao etapa:1 etapa:2 gerado-pelo-kit peso:grande SAIAPP tipo:build","EPIC-etapa-1","BUILD-BSCENVPC-seg003"
"[BUILD-BSCENVPC-seg004] Busca de envolvidos com vista aberta: caminho de sucesso","Story","*Construir o troco da jornada que vai de 'Busca Envolvidos Vista Por AIIM' a 'Done - Success', reproduzindo o comportamento observado no legado.*

h3. Contexto
Troco de 8 passo(s) da jornada do caso, de 'Busca Envolvidos Vista Por AIIM' ate 'Done - Success', no processo BSCENVPC. ATENCAO: 1 passo(s) sao alcancados por ligacao que NAO existe como transicao no XPDL (regresso) e tem de ser escrita explicitamente no fluxo .NET.

h3. Hipoteses a confirmar
_Parecer de analise, nao facto. Confirmar antes de assumir._
* ISAPPERROR='N' significa ausencia de erro e nao 'ainda nao avaliado'; se significar o segundo, o ramo de sucesso dispara antes de haver resposta do servico.

h3. Passos
# (serviceTask) Busca Envolvidos Vista Por AIIM
# (gateway) gateway _qIDu4l6BEfGBBLgT-R5iuw -- decide: A chamada a Busca Envolvidos Vista Por AIIM foi bem sucedida?
# (scriptTask) Set App Error
# (gateway) gateway _qIDu416BEfGBBLgT-R5iuw
# (endEvent) endEvent _qIDu316BEfGBBLgT-R5iuw
# (gateway) Tech Error -- entra por *regresso* - nao existe como transicao no XPDL
# (gateway) App Error
# (endEvent) Done - Success

h3. Onde aterra
* {{src/SefazSp.Epat.Application/Abstractions/Services}} -- _final_ -- A porta e transcricao do WSDL e nao se mexe; a implementacao SOAP/JMS e que se escreve.
* {{src/SefazSp.Epat.Application/Execution}} -- _scaffold_ -- O script do iProcess faz as duas coisas. O que calcula ou decide sobre o caso e regra de dominio e vai para Domain/Rules como funcao pura; o que mexe no envelope tecnico - STATUS_CODE, contadores de retentativa - fica em Application/Execution. A separacao ja esta feita em rule-catalogue.json, campo classification.eRegraDeNegocio.
* {{src/SefazSp.Epat.Application/Workflows}} -- _scaffold_ -- A condicao ja esta extraida do XPDL. O desvio e topologia, e topologia e dado - nao codigo espalhado.
* {{src/SefazSp.Epat.Infrastructure/Integration.Soap}} -- _scaffold_ -- A porta e transcricao do WSDL e nao se mexe; a implementacao SOAP/JMS e que se escreve.

h3. Como se prova
Oraculo *scenario-path*, 2 caso(s), fixture {{artifacts/POC_Epat/scenarios/SC-BSCENVPC-010.json}}.
{panel:bgColor=#fffae6}Os valores esperados sao do kit e sao imutaveis. Ligar o arnes a fixture; nunca escrever nem editar um valor esperado.{panel}
* Build limpo, sem avisos
* O percurso do passo 8 ao 15 do cenario SC-BSCENVPC-010 corre de ponta a ponta

h3. Rasto
Card {{BUILD-BSCENVPC-seg004}} -- IR {{scenarios[SC-BSCENVPC-010].segmentos[1]}} -- pacote {{POC_Epat}} -- manifesto {{e319db2a191633c242c3768767273b292a21aaeceae26ac0e73993f5b80a7b38}}
_Antes de implementar, reconferir o manifesto: se nao bater, o card tem de ser regerado e nao implementado._","card:BUILD-BSCENVPC-seg004 epat-migracao etapa:1 etapa:2 gerado-pelo-kit peso:grande SAIAPP tipo:build","EPIC-etapa-1","BUILD-BSCENVPC-seg004"
"[BUILD-BSCENVPC-seg005] Fechamento do AIIM + Notificação do AIIM: de 'Busca Envolvidos Vista Por AIIM' ate 'Try Task'","Story","*Construir o troco da jornada que vai de 'Busca Envolvidos Vista Por AIIM' a 'Try Task', reproduzindo o comportamento observado no legado.*

h3. Contexto
Troco de 11 passo(s) da jornada do caso, de 'Busca Envolvidos Vista Por AIIM' ate 'Try Task', no processo BSCENVPC. ATENCAO: 2 passo(s) sao alcancados por ligacao que NAO existe como transicao no XPDL (link, regresso) e tem de ser escrita explicitamente no fluxo .NET.

h3. Passos
# (serviceTask) Busca Envolvidos Vista Por AIIM
# (gateway) gateway _qIDu4l6BEfGBBLgT-R5iuw -- decide: A chamada a Busca Envolvidos Vista Por AIIM foi bem sucedida?
# (scriptTask) Set App Error
# (gateway) gateway _qIDu416BEfGBBLgT-R5iuw
# (endEvent) endEvent _qIDu316BEfGBBLgT-R5iuw
# (gateway) Tech Error -- entra por *regresso* - nao existe como transicao no XPDL
# (gateway) App Error
# (gateway) More Retries
# (timerEvent) Pause
# (linkThrow) Link To: Try Task
# (linkCatch) Try Task -- entra por *link* - nao existe como transicao no XPDL

h3. Onde aterra
* {{src/SefazSp.Epat.Application/Abstractions/Services}} -- _final_ -- A porta e transcricao do WSDL e nao se mexe; a implementacao SOAP/JMS e que se escreve.
* {{src/SefazSp.Epat.Application/Execution}} -- _scaffold_ -- O script do iProcess faz as duas coisas. O que calcula ou decide sobre o caso e regra de dominio e vai para Domain/Rules como funcao pura; o que mexe no envelope tecnico - STATUS_CODE, contadores de retentativa - fica em Application/Execution. A separacao ja esta feita em rule-catalogue.json, campo classification.eRegraDeNegocio.
* {{src/SefazSp.Epat.Application/Workflows}} -- _scaffold_ -- A condicao ja esta extraida do XPDL. O desvio e topologia, e topologia e dado - nao codigo espalhado.
* {{src/SefazSp.Epat.Domain/Abstractions}} -- _final_ -- O prazo e agendamento, logo topologia; mas depende de tempo, e tempo entra por IClock injectado. Nunca DateTime.Now - o teste de prazo precisa de relogio controlavel.
* {{src/SefazSp.Epat.Infrastructure/Integration.Soap}} -- _scaffold_ -- A porta e transcricao do WSDL e nao se mexe; a implementacao SOAP/JMS e que se escreve.

h3. Como se prova
Oraculo *scenario-path*, 2 caso(s), fixture {{artifacts/POC_Epat/scenarios/SC-BSCENVPC-007.json}}.
{panel:bgColor=#fffae6}Os valores esperados sao do kit e sao imutaveis. Ligar o arnes a fixture; nunca escrever nem editar um valor esperado.{panel}
* Build limpo, sem avisos
* O percurso do passo 8 ao 18 do cenario SC-BSCENVPC-007 corre de ponta a ponta

h3. Bloqueadores
* *link-goto* (decided) -- 2 no(s) deste segmento, de 20 no pacote inteiro. Decisao ratificada em NOEQ-link-goto.

h3. Rasto
Card {{BUILD-BSCENVPC-seg005}} -- IR {{scenarios[SC-BSCENVPC-007].segmentos[1]}} -- pacote {{POC_Epat}} -- manifesto {{e319db2a191633c242c3768767273b292a21aaeceae26ac0e73993f5b80a7b38}}
_Antes de implementar, reconferir o manifesto: se nao bater, o card tem de ser regerado e nao implementado._","bloq:link-goto card:BUILD-BSCENVPC-seg005 epat-migracao etapa:1 etapa:2 gerado-pelo-kit peso:atravessa-o-sistema SAIAPP tipo:build","EPIC-etapa-1","BUILD-BSCENVPC-seg005"
"[BUILD-BSCENVPC-seg011] Fechamento do AIIM + Notificação do AIIM: de 'Start Event' ate 'Check Retries SW_QRETRYCOUNT'","Story","*Construir o troco da jornada que vai de 'Start Event' a 'Check Retries SW_QRETRYCOUNT', reproduzindo o comportamento observado no legado.*

h3. Contexto
Troco de 7 passo(s) da jornada do caso, de 'Start Event' ate 'Check Retries SW_QRETRYCOUNT', no processo BSCENVPC. ATENCAO: 1 passo(s) sao alcancados por ligacao que NAO existe como transicao no XPDL (descida) e tem de ser escrita explicitamente no fluxo .NET.

h3. Passos
# (startEvent) Start Event
# (scriptTask) SetParameters -- 1 regra(s) de negocio neste passo: RI-script-BSCENVPC-SetParameters
# (scriptTask) Start Loop
# (subProcessScope) Control System Task Call
# (startEvent) startEvent _qIDu3l6BEfGBBLgT-R5iuw -- entra por *descida* - nao existe como transicao no XPDL
# (scriptTask) Start TX
# (gateway) Check Retries SW_QRETRYCOUNT -- 1 regra(s) de negocio neste passo: RI-transition-BSCENVPC-CheckRetriesSWQRETRYCOUNT

h3. Onde aterra
* {{src/SefazSp.Epat.Application/Execution}} -- _scaffold_ -- O script do iProcess faz as duas coisas. O que calcula ou decide sobre o caso e regra de dominio e vai para Domain/Rules como funcao pura; o que mexe no envelope tecnico - STATUS_CODE, contadores de retentativa - fica em Application/Execution. A separacao ja esta feita em rule-catalogue.json, campo classification.eRegraDeNegocio.
* {{src/SefazSp.Epat.Application/Workflows}} -- _scaffold_ -- Escopo embutido e topologia: a descida e o regresso tem de existir como transicao explicita, porque no XPDL nao existem.
* {{src/SefazSp.Epat.Domain/Rules}} -- _draft_ -- O script do iProcess faz as duas coisas. O que calcula ou decide sobre o caso e regra de dominio e vai para Domain/Rules como funcao pura; o que mexe no envelope tecnico - STATUS_CODE, contadores de retentativa - fica em Application/Execution. A separacao ja esta feita em rule-catalogue.json, campo classification.eRegraDeNegocio.

h3. Como se prova
Oraculo *scenario-path*, 12 caso(s), fixture {{artifacts/POC_Epat/scenarios/SC-BSCENVPC-001.json}}.
{panel:bgColor=#fffae6}Os valores esperados sao do kit e sao imutaveis. Ligar o arnes a fixture; nunca escrever nem editar um valor esperado.{panel}
* Build limpo, sem avisos
* O percurso do passo 1 ao 7 do cenario SC-BSCENVPC-001 corre de ponta a ponta

h3. Bloqueadores
* *iprocess-builtin* (decided) -- 2 no(s) deste segmento, de 17 no pacote inteiro. Decisao ratificada em NOEQ-iprocess-builtin.

h3. Rasto
Card {{BUILD-BSCENVPC-seg011}} -- IR {{scenarios[SC-BSCENVPC-001].segmentos[0]}} -- pacote {{POC_Epat}} -- manifesto {{e319db2a191633c242c3768767273b292a21aaeceae26ac0e73993f5b80a7b38}}
_Antes de implementar, reconferir o manifesto: se nao bater, o card tem de ser regerado e nao implementado._","bloq:iprocess-builtin card:BUILD-BSCENVPC-seg011 epat-migracao etapa:1 etapa:2 gerado-pelo-kit peso:grande SAIAPP tipo:build","EPIC-etapa-1","BUILD-BSCENVPC-seg011"
"[BUILD-BSCENVPC-seg047] Validação de Gateways Paralelos: de 'Start Event' ate 'Done - Bail'","Story","*Construir o troco da jornada que vai de 'Start Event' a 'Done - Bail', reproduzindo o comportamento observado no legado.*

h3. Contexto
Troco de 17 passo(s) da jornada do caso, de 'Start Event' ate 'Done - Bail', no processo BSCENVPC. ATENCAO: 2 passo(s) sao alcancados por ligacao que NAO existe como transicao no XPDL (descida, regresso) e tem de ser escrita explicitamente no fluxo .NET. O troco corre dentro de um processo chamado a partir de 'POC_EpatProcess/Busca Emails', e e dai que herda a etapa.

h3. Passos
# (startEvent) Start Event
# (scriptTask) SetParameters -- 1 regra(s) de negocio neste passo: RI-script-BSCENVPC-SetParameters
# (scriptTask) Start Loop
# (subProcessScope) Control System Task Call
# (startEvent) startEvent _qIDu3l6BEfGBBLgT-R5iuw -- entra por *descida* - nao existe como transicao no XPDL
# (scriptTask) Start TX
# (gateway) Check Retries SW_QRETRYCOUNT -- 1 regra(s) de negocio neste passo: RI-transition-BSCENVPC-CheckRetriesSWQRETRYCOUNT
# (scriptTask) Set Technical Error
# (endEvent) endEvent _qIDu316BEfGBBLgT-R5iuw
# (gateway) Tech Error -- entra por *regresso* - nao existe como transicao no XPDL
# (gateway) App Error
# (gateway) More Retries
# (gateway) gateway _qIDupl6BEfGBBLgT-R5iuw
# (userTask) Manipular Excecao
# (gateway) Manually Fixed
# (gateway) Try Again
# (endEvent) Done - Bail

h3. Onde aterra
* {{src/SefazSp.Epat.Application/Execution}} -- _scaffold_ -- O script do iProcess faz as duas coisas. O que calcula ou decide sobre o caso e regra de dominio e vai para Domain/Rules como funcao pura; o que mexe no envelope tecnico - STATUS_CODE, contadores de retentativa - fica em Application/Execution. A separacao ja esta feita em rule-catalogue.json, campo classification.eRegraDeNegocio.
* {{src/SefazSp.Epat.Application/UseCases}} -- _scaffold_ -- Tarefa humana e um caso de uso. As regras do code-behind das telas aterram aqui porque decidem o desfecho do processo, nao a apresentacao.
* {{src/SefazSp.Epat.Application/Workflows}} -- _scaffold_ -- Escopo embutido e topologia: a descida e o regresso tem de existir como transicao explicita, porque no XPDL nao existem.
* {{src/SefazSp.Epat.Domain/Rules}} -- _draft_ -- O script do iProcess faz as duas coisas. O que calcula ou decide sobre o caso e regra de dominio e vai para Domain/Rules como funcao pura; o que mexe no envelope tecnico - STATUS_CODE, contadores de retentativa - fica em Application/Execution. A separacao ja esta feita em rule-catalogue.json, campo classification.eRegraDeNegocio.

h3. Como se prova
Oraculo *scenario-path*, 2 caso(s), fixture {{artifacts/POC_Epat/scenarios/SC-BSCENVPC-015.json}}.
{panel:bgColor=#fffae6}Os valores esperados sao do kit e sao imutaveis. Ligar o arnes a fixture; nunca escrever nem editar um valor esperado.{panel}
* Build limpo, sem avisos
* O percurso do passo 1 ao 17 do cenario SC-BSCENVPC-015 corre de ponta a ponta

h3. Bloqueadores
* *iprocess-builtin* (decided) -- 2 no(s) deste segmento, de 17 no pacote inteiro. Decisao ratificada em NOEQ-iprocess-builtin.

h3. Rasto
Card {{BUILD-BSCENVPC-seg047}} -- IR {{scenarios[SC-BSCENVPC-015].segmentos[1]}} -- pacote {{POC_Epat}} -- manifesto {{e319db2a191633c242c3768767273b292a21aaeceae26ac0e73993f5b80a7b38}}
_Antes de implementar, reconferir o manifesto: se nao bater, o card tem de ser regerado e nao implementado._","bloq:iprocess-builtin card:BUILD-BSCENVPC-seg047 epat-migracao etapa:5 gerado-pelo-kit peso:grande SAIAPP tipo:build","EPIC-etapa-5","BUILD-BSCENVPC-seg047"
"[BUILD-BSCENVPC-seg048] Validação de Gateways Paralelos: de 'Start Event' ate 'Done - Fixed'","Story","*Construir o troco da jornada que vai de 'Start Event' a 'Done - Fixed', reproduzindo o comportamento observado no legado.*

h3. Contexto
Troco de 16 passo(s) da jornada do caso, de 'Start Event' ate 'Done - Fixed', no processo BSCENVPC. ATENCAO: 2 passo(s) sao alcancados por ligacao que NAO existe como transicao no XPDL (descida, regresso) e tem de ser escrita explicitamente no fluxo .NET. O troco corre dentro de um processo chamado a partir de 'POC_EpatProcess/Busca Emails', e e dai que herda a etapa.

h3. Passos
# (startEvent) Start Event
# (scriptTask) SetParameters -- 1 regra(s) de negocio neste passo: RI-script-BSCENVPC-SetParameters
# (scriptTask) Start Loop
# (subProcessScope) Control System Task Call
# (startEvent) startEvent _qIDu3l6BEfGBBLgT-R5iuw -- entra por *descida* - nao existe como transicao no XPDL
# (scriptTask) Start TX
# (gateway) Check Retries SW_QRETRYCOUNT -- 1 regra(s) de negocio neste passo: RI-transition-BSCENVPC-CheckRetriesSWQRETRYCOUNT
# (scriptTask) Set Technical Error
# (endEvent) endEvent _qIDu316BEfGBBLgT-R5iuw
# (gateway) Tech Error -- entra por *regresso* - nao existe como transicao no XPDL
# (gateway) App Error
# (gateway) More Retries
# (gateway) gateway _qIDupl6BEfGBBLgT-R5iuw
# (userTask) Manipular Excecao
# (gateway) Manually Fixed
# (endEvent) Done - Fixed

h3. Onde aterra
* {{src/SefazSp.Epat.Application/Execution}} -- _scaffold_ -- O script do iProcess faz as duas coisas. O que calcula ou decide sobre o caso e regra de dominio e vai para Domain/Rules como funcao pura; o que mexe no envelope tecnico - STATUS_CODE, contadores de retentativa - fica em Application/Execution. A separacao ja esta feita em rule-catalogue.json, campo classification.eRegraDeNegocio.
* {{src/SefazSp.Epat.Application/UseCases}} -- _scaffold_ -- Tarefa humana e um caso de uso. As regras do code-behind das telas aterram aqui porque decidem o desfecho do processo, nao a apresentacao.
* {{src/SefazSp.Epat.Application/Workflows}} -- _scaffold_ -- Escopo embutido e topologia: a descida e o regresso tem de existir como transicao explicita, porque no XPDL nao existem.
* {{src/SefazSp.Epat.Domain/Rules}} -- _draft_ -- O script do iProcess faz as duas coisas. O que calcula ou decide sobre o caso e regra de dominio e vai para Domain/Rules como funcao pura; o que mexe no envelope tecnico - STATUS_CODE, contadores de retentativa - fica em Application/Execution. A separacao ja esta feita em rule-catalogue.json, campo classification.eRegraDeNegocio.

h3. Como se prova
Oraculo *scenario-path*, 2 caso(s), fixture {{artifacts/POC_Epat/scenarios/SC-BSCENVPC-014.json}}.
{panel:bgColor=#fffae6}Os valores esperados sao do kit e sao imutaveis. Ligar o arnes a fixture; nunca escrever nem editar um valor esperado.{panel}
* Build limpo, sem avisos
* O percurso do passo 1 ao 16 do cenario SC-BSCENVPC-014 corre de ponta a ponta

h3. Bloqueadores
* *iprocess-builtin* (decided) -- 2 no(s) deste segmento, de 17 no pacote inteiro. Decisao ratificada em NOEQ-iprocess-builtin.

h3. Rasto
Card {{BUILD-BSCENVPC-seg048}} -- IR {{scenarios[SC-BSCENVPC-014].segmentos[1]}} -- pacote {{POC_Epat}} -- manifesto {{e319db2a191633c242c3768767273b292a21aaeceae26ac0e73993f5b80a7b38}}
_Antes de implementar, reconferir o manifesto: se nao bater, o card tem de ser regerado e nao implementado._","bloq:iprocess-builtin card:BUILD-BSCENVPC-seg048 epat-migracao etapa:5 gerado-pelo-kit peso:grande SAIAPP tipo:build","EPIC-etapa-5","BUILD-BSCENVPC-seg048"
"[BUILD-BSCENVPC-seg049] Validação de Gateways Paralelos: de 'Start Event' ate 'Done - Success'","Story","*Construir o troco da jornada que vai de 'Start Event' a 'Done - Success', reproduzindo o comportamento observado no legado.*

h3. Contexto
Troco de 12 passo(s) da jornada do caso, de 'Start Event' ate 'Done - Success', no processo BSCENVPC. ATENCAO: 2 passo(s) sao alcancados por ligacao que NAO existe como transicao no XPDL (descida, regresso) e tem de ser escrita explicitamente no fluxo .NET. O troco corre dentro de um processo chamado a partir de 'POC_EpatProcess/Busca Emails', e e dai que herda a etapa.

h3. Passos
# (startEvent) Start Event
# (scriptTask) SetParameters -- 1 regra(s) de negocio neste passo: RI-script-BSCENVPC-SetParameters
# (scriptTask) Start Loop
# (subProcessScope) Control System Task Call
# (startEvent) startEvent _qIDu3l6BEfGBBLgT-R5iuw -- entra por *descida* - nao existe como transicao no XPDL
# (scriptTask) Start TX
# (gateway) Check Retries SW_QRETRYCOUNT -- 1 regra(s) de negocio neste passo: RI-transition-BSCENVPC-CheckRetriesSWQRETRYCOUNT
# (scriptTask) Set Technical Error
# (endEvent) endEvent _qIDu316BEfGBBLgT-R5iuw
# (gateway) Tech Error -- entra por *regresso* - nao existe como transicao no XPDL
# (gateway) App Error
# (endEvent) Done - Success

h3. Onde aterra
* {{src/SefazSp.Epat.Application/Execution}} -- _scaffold_ -- O script do iProcess faz as duas coisas. O que calcula ou decide sobre o caso e regra de dominio e vai para Domain/Rules como funcao pura; o que mexe no envelope tecnico - STATUS_CODE, contadores de retentativa - fica em Application/Execution. A separacao ja esta feita em rule-catalogue.json, campo classification.eRegraDeNegocio.
* {{src/SefazSp.Epat.Application/Workflows}} -- _scaffold_ -- Escopo embutido e topologia: a descida e o regresso tem de existir como transicao explicita, porque no XPDL nao existem.
* {{src/SefazSp.Epat.Domain/Rules}} -- _draft_ -- O script do iProcess faz as duas coisas. O que calcula ou decide sobre o caso e regra de dominio e vai para Domain/Rules como funcao pura; o que mexe no envelope tecnico - STATUS_CODE, contadores de retentativa - fica em Application/Execution. A separacao ja esta feita em rule-catalogue.json, campo classification.eRegraDeNegocio.

h3. Como se prova
Oraculo *scenario-path*, 1 caso(s), fixture {{artifacts/POC_Epat/scenarios/SC-BSCENVPC-016.json}}.
{panel:bgColor=#fffae6}Os valores esperados sao do kit e sao imutaveis. Ligar o arnes a fixture; nunca escrever nem editar um valor esperado.{panel}
* Build limpo, sem avisos
* O percurso do passo 1 ao 12 do cenario SC-BSCENVPC-016 corre de ponta a ponta

h3. Bloqueadores
* *iprocess-builtin* (decided) -- 2 no(s) deste segmento, de 17 no pacote inteiro. Decisao ratificada em NOEQ-iprocess-builtin.

h3. Rasto
Card {{BUILD-BSCENVPC-seg049}} -- IR {{scenarios[SC-BSCENVPC-016].segmentos[1]}} -- pacote {{POC_Epat}} -- manifesto {{e319db2a191633c242c3768767273b292a21aaeceae26ac0e73993f5b80a7b38}}
_Antes de implementar, reconferir o manifesto: se nao bater, o card tem de ser regerado e nao implementado._","bloq:iprocess-builtin card:BUILD-BSCENVPC-seg049 epat-migracao etapa:5 gerado-pelo-kit peso:grande SAIAPP tipo:build","EPIC-etapa-5","BUILD-BSCENVPC-seg049"
"[BUILD-BSCENVPC-seg050] Validação de Gateways Paralelos: de 'Start Event' ate 'Try Task'","Story","*Construir o troco da jornada que vai de 'Start Event' a 'Try Task', reproduzindo o comportamento observado no legado.*

h3. Contexto
Troco de 15 passo(s) da jornada do caso, de 'Start Event' ate 'Try Task', no processo BSCENVPC. ATENCAO: 3 passo(s) sao alcancados por ligacao que NAO existe como transicao no XPDL (descida, link, regresso) e tem de ser escrita explicitamente no fluxo .NET. O troco corre dentro de um processo chamado a partir de 'POC_EpatProcess/Busca Emails', e e dai que herda a etapa.

h3. Passos
# (startEvent) Start Event
# (scriptTask) SetParameters -- 1 regra(s) de negocio neste passo: RI-script-BSCENVPC-SetParameters
# (scriptTask) Start Loop
# (subProcessScope) Control System Task Call
# (startEvent) startEvent _qIDu3l6BEfGBBLgT-R5iuw -- entra por *descida* - nao existe como transicao no XPDL
# (scriptTask) Start TX
# (gateway) Check Retries SW_QRETRYCOUNT -- 1 regra(s) de negocio neste passo: RI-transition-BSCENVPC-CheckRetriesSWQRETRYCOUNT
# (scriptTask) Set Technical Error
# (endEvent) endEvent _qIDu316BEfGBBLgT-R5iuw
# (gateway) Tech Error -- entra por *regresso* - nao existe como transicao no XPDL
# (gateway) App Error
# (gateway) More Retries
# (timerEvent) Pause
# (linkThrow) Link To: Try Task
# (linkCatch) Try Task -- entra por *link* - nao existe como transicao no XPDL

h3. Onde aterra
* {{src/SefazSp.Epat.Application/Execution}} -- _scaffold_ -- O script do iProcess faz as duas coisas. O que calcula ou decide sobre o caso e regra de dominio e vai para Domain/Rules como funcao pura; o que mexe no envelope tecnico - STATUS_CODE, contadores de retentativa - fica em Application/Execution. A separacao ja esta feita em rule-catalogue.json, campo classification.eRegraDeNegocio.
* {{src/SefazSp.Epat.Application/Workflows}} -- _scaffold_ -- Escopo embutido e topologia: a descida e o regresso tem de existir como transicao explicita, porque no XPDL nao existem.
* {{src/SefazSp.Epat.Domain/Abstractions}} -- _final_ -- O prazo e agendamento, logo topologia; mas depende de tempo, e tempo entra por IClock injectado. Nunca DateTime.Now - o teste de prazo precisa de relogio controlavel.
* {{src/SefazSp.Epat.Domain/Rules}} -- _draft_ -- O script do iProcess faz as duas coisas. O que calcula ou decide sobre o caso e regra de dominio e vai para Domain/Rules como funcao pura; o que mexe no envelope tecnico - STATUS_CODE, contadores de retentativa - fica em Application/Execution. A separacao ja esta feita em rule-catalogue.json, campo classification.eRegraDeNegocio.

h3. Como se prova
Oraculo *scenario-path*, 1 caso(s), fixture {{artifacts/POC_Epat/scenarios/SC-BSCENVPC-013.json}}.
{panel:bgColor=#fffae6}Os valores esperados sao do kit e sao imutaveis. Ligar o arnes a fixture; nunca escrever nem editar um valor esperado.{panel}
* Build limpo, sem avisos
* O percurso do passo 1 ao 15 do cenario SC-BSCENVPC-013 corre de ponta a ponta

h3. Bloqueadores
* *iprocess-builtin* (decided) -- 2 no(s) deste segmento, de 17 no pacote inteiro. Decisao ratificada em NOEQ-iprocess-builtin.
* *link-goto* (decided) -- 2 no(s) deste segmento, de 20 no pacote inteiro. Decisao ratificada em NOEQ-link-goto.

h3. Rasto
Card {{BUILD-BSCENVPC-seg050}} -- IR {{scenarios[SC-BSCENVPC-013].segmentos[1]}} -- pacote {{POC_Epat}} -- manifesto {{e319db2a191633c242c3768767273b292a21aaeceae26ac0e73993f5b80a7b38}}
_Antes de implementar, reconferir o manifesto: se nao bater, o card tem de ser regerado e nao implementado._","bloq:iprocess-builtin bloq:link-goto card:BUILD-BSCENVPC-seg050 epat-migracao etapa:5 gerado-pelo-kit peso:grande SAIAPP tipo:build","EPIC-etapa-5","BUILD-BSCENVPC-seg050"
"[BUILD-CALCPRPC-seg029] Calculo de prazo: laco de retry ate desistir","Story","*Construir o troco da jornada que vai de 'Start Event' a 'Done - Bail', reproduzindo o comportamento observado no legado.*

h3. Contexto
Troco de 20 passo(s) da jornada do caso, de 'Start Event' ate 'Done - Bail', no processo CALCPRPC. ATENCAO: 2 passo(s) sao alcancados por ligacao que NAO existe como transicao no XPDL (descida, regresso) e tem de ser escrita explicitamente no fluxo .NET. O troco corre dentro de um processo chamado a partir de 'DEAT0050/CalculaPrazo', e e dai que herda a etapa.

h3. Hipoteses a confirmar
_Parecer de analise, nao facto. Confirmar antes de assumir._
* Os dois contadores do laco - NUMAPPRETRIES e SW_QRETRYCOUNT - sao independentes e partilham o mesmo tecto MAXRETRIES=5; confirmar antes de os fundir num so.
* OUTCOME inicializa em 'OK' neste processo e em 'R' no PRPINTPC, ATZINTPC e CRNOTPC. O dossie regista a divergencia sem a resolver: confirmar se e intencional antes de uniformizar.

h3. Passos
# (startEvent) Start Event
# (scriptTask) SetParameters -- 1 regra(s) de negocio neste passo: RI-script-CALCPRPC-SetParameters
# (scriptTask) Start Loop
# (subProcessScope) Control System Task Call
# (startEvent) startEvent _zJIublqiEfG5K7mY0I3I6w -- entra por *descida* - nao existe como transicao no XPDL
# (scriptTask) Start TX
# (gateway) Check Retries SW_QRETRYCOUNT -- 1 regra(s) de negocio neste passo: RI-transition-CALCPRPC-CheckRetriesSWQRETRYCOUNT
# (serviceTask) CalcularPrazo
# (gateway) gateway _zJIuclqiEfG5K7mY0I3I6w -- decide: A chamada a CalcularPrazo foi bem sucedida?
# (scriptTask) Set App Error
# (gateway) gateway _zJIuc1qiEfG5K7mY0I3I6w
# (endEvent) endEvent _zJIub1qiEfG5K7mY0I3I6w
# (gateway) Tech Error -- entra por *regresso* - nao existe como transicao no XPDL
# (gateway) App Error
# (gateway) More Retries
# (gateway) gateway _zJIHZ1qiEfG5K7mY0I3I6w
# (userTask) Manipular Excecao
# (gateway) Manually Fixed
# (gateway) Try Again
# (endEvent) Done - Bail
# (scriptTask) Set Technical Error -- Visitado noutra passagem por este mesmo troco (SC-CALCPRPC-015); nao aparece no percurso de referencia.
# (startEvent) Start Event -- Visitado noutra passagem por este mesmo troco (SC-CRNOTPC-015); nao aparece no percurso de referencia.
# (scriptTask) SetParameters -- Visitado noutra passagem por este mesmo troco (SC-CRNOTPC-015); nao aparece no percurso de referencia.
# (scriptTask) Start Loop -- Visitado noutra passagem por este mesmo troco (SC-CRNOTPC-015); nao aparece no percurso de referencia.
# (subProcessScope) Control System Task Call -- Visitado noutra passagem por este mesmo troco (SC-CRNOTPC-015); nao aparece no percurso de referencia.
# (startEvent) startEvent _NcJxKl9KEfGqPfX31TKC3w -- Visitado noutra passagem por este mesmo troco (SC-CRNOTPC-015); nao aparece no percurso de referencia.
# (scriptTask) Start TX -- Visitado noutra passagem por este mesmo troco (SC-CRNOTPC-015); nao aparece no percurso de referencia.
# (gateway) Check Retries SW_QRETRYCOUNT -- Visitado noutra passagem por este mesmo troco (SC-CRNOTPC-015); nao aparece no percurso de referencia.
# (scriptTask) Set Technical Error -- Visitado noutra passagem por este mesmo troco (SC-CRNOTPC-015); nao aparece no percurso de referencia.
# (endEvent) endEvent _NcJxK19KEfGqPfX31TKC3w -- Visitado noutra passagem por este mesmo troco (SC-CRNOTPC-015); nao aparece no percurso de referencia.
# (gateway) Tech Error -- Visitado noutra passagem por este mesmo troco (SC-CRNOTPC-015); nao aparece no percurso de referencia.
# (gateway) App Error -- Visitado noutra passagem por este mesmo troco (SC-CRNOTPC-015); nao aparece no percurso de referencia.
# (gateway) More Retries -- Visitado noutra passagem por este mesmo troco (SC-CRNOTPC-015); nao aparece no percurso de referencia.
# (gateway) gateway _NcJw8V9KEfGqPfX31TKC3w -- Visitado noutra passagem por este mesmo troco (SC-CRNOTPC-015); nao aparece no percurso de referencia.
# (userTask) Manipular Excecao -- Visitado noutra passagem por este mesmo troco (SC-CRNOTPC-015); nao aparece no percurso de referencia.
# (gateway) Manually Fixed -- Visitado noutra passagem por este mesmo troco (SC-CRNOTPC-015); nao aparece no percurso de referencia.
# (gateway) Try Again -- Visitado noutra passagem por este mesmo troco (SC-CRNOTPC-015); nao aparece no percurso de referencia.
# (endEvent) Done - Bail -- Visitado noutra passagem por este mesmo troco (SC-CRNOTPC-015); nao aparece no percurso de referencia.

h3. Onde aterra
* {{src/SefazSp.Epat.Application/Abstractions/Services}} -- _final_ -- A porta e transcricao do WSDL e nao se mexe; a implementacao SOAP/JMS e que se escreve.
* {{src/SefazSp.Epat.Application/Execution}} -- _scaffold_ -- O script do iProcess faz as duas coisas. O que calcula ou decide sobre o caso e regra de dominio e vai para Domain/Rules como funcao pura; o que mexe no envelope tecnico - STATUS_CODE, contadores de retentativa - fica em Application/Execution. A separacao ja esta feita em rule-catalogue.json, campo classification.eRegraDeNegocio.
* {{src/SefazSp.Epat.Application/UseCases}} -- _scaffold_ -- Tarefa humana e um caso de uso. As regras do code-behind das telas aterram aqui porque decidem o desfecho do processo, nao a apresentacao.
* {{src/SefazSp.Epat.Application/Workflows}} -- _scaffold_ -- Escopo embutido e topologia: a descida e o regresso tem de existir como transicao explicita, porque no XPDL nao existem.
* {{src/SefazSp.Epat.Domain/Rules}} -- _draft_ -- O script do iProcess faz as duas coisas. O que calcula ou decide sobre o caso e regra de dominio e vai para Domain/Rules como funcao pura; o que mexe no envelope tecnico - STATUS_CODE, contadores de retentativa - fica em Application/Execution. A separacao ja esta feita em rule-catalogue.json, campo classification.eRegraDeNegocio.
* {{src/SefazSp.Epat.Infrastructure/Integration.Soap}} -- _scaffold_ -- A porta e transcricao do WSDL e nao se mexe; a implementacao SOAP/JMS e que se escreve.

h3. Como se prova
Oraculo *scenario-path*, 8 caso(s), fixture {{artifacts/POC_Epat/scenarios/SC-CALCPRPC-009.json}}.
{panel:bgColor=#fffae6}Os valores esperados sao do kit e sao imutaveis. Ligar o arnes a fixture; nunca escrever nem editar um valor esperado.{panel}
* Build limpo, sem avisos
* O percurso do passo 1 ao 20 do cenario SC-CALCPRPC-009 corre de ponta a ponta

h3. Bloqueadores
* *iprocess-builtin* (decided) -- 4 no(s) deste segmento, de 17 no pacote inteiro. Decisao ratificada em NOEQ-iprocess-builtin.

h3. Rasto
Card {{BUILD-CALCPRPC-seg029}} -- IR {{scenarios[SC-CALCPRPC-009].segmentos[1]}} -- pacote {{POC_Epat}} -- manifesto {{e319db2a191633c242c3768767273b292a21aaeceae26ac0e73993f5b80a7b38}}
_Antes de implementar, reconferir o manifesto: se nao bater, o card tem de ser regerado e nao implementado._","bloq:iprocess-builtin card:BUILD-CALCPRPC-seg029 epat-migracao etapa:2 gerado-pelo-kit peso:atravessa-o-sistema SAIAPP tipo:build","EPIC-etapa-2","BUILD-CALCPRPC-seg029"
"[BUILD-CALCPRPC-seg030] Notificação do AIIM: de 'Start Event' ate 'Done - Fixed'","Story","*Construir o troco da jornada que vai de 'Start Event' a 'Done - Fixed', reproduzindo o comportamento observado no legado.*

h3. Contexto
Troco de 19 passo(s) da jornada do caso, de 'Start Event' ate 'Done - Fixed', no processo CALCPRPC. ATENCAO: 2 passo(s) sao alcancados por ligacao que NAO existe como transicao no XPDL (descida, regresso) e tem de ser escrita explicitamente no fluxo .NET. O troco corre dentro de um processo chamado a partir de 'DEAT0050/CalculaPrazo', e e dai que herda a etapa.

h3. Passos
# (startEvent) Start Event
# (scriptTask) SetParameters -- 1 regra(s) de negocio neste passo: RI-script-CALCPRPC-SetParameters
# (scriptTask) Start Loop
# (subProcessScope) Control System Task Call
# (startEvent) startEvent _zJIublqiEfG5K7mY0I3I6w -- entra por *descida* - nao existe como transicao no XPDL
# (scriptTask) Start TX
# (gateway) Check Retries SW_QRETRYCOUNT -- 1 regra(s) de negocio neste passo: RI-transition-CALCPRPC-CheckRetriesSWQRETRYCOUNT
# (serviceTask) CalcularPrazo
# (gateway) gateway _zJIuclqiEfG5K7mY0I3I6w -- decide: A chamada a CalcularPrazo foi bem sucedida?
# (scriptTask) Set App Error
# (gateway) gateway _zJIuc1qiEfG5K7mY0I3I6w
# (endEvent) endEvent _zJIub1qiEfG5K7mY0I3I6w
# (gateway) Tech Error -- entra por *regresso* - nao existe como transicao no XPDL
# (gateway) App Error
# (gateway) More Retries
# (gateway) gateway _zJIHZ1qiEfG5K7mY0I3I6w
# (userTask) Manipular Excecao
# (gateway) Manually Fixed
# (endEvent) Done - Fixed
# (scriptTask) Set Technical Error -- Visitado noutra passagem por este mesmo troco (SC-CALCPRPC-014); nao aparece no percurso de referencia.
# (startEvent) Start Event -- Visitado noutra passagem por este mesmo troco (SC-CRNOTPC-014); nao aparece no percurso de referencia.
# (scriptTask) SetParameters -- Visitado noutra passagem por este mesmo troco (SC-CRNOTPC-014); nao aparece no percurso de referencia.
# (scriptTask) Start Loop -- Visitado noutra passagem por este mesmo troco (SC-CRNOTPC-014); nao aparece no percurso de referencia.
# (subProcessScope) Control System Task Call -- Visitado noutra passagem por este mesmo troco (SC-CRNOTPC-014); nao aparece no percurso de referencia.
# (startEvent) startEvent _NcJxKl9KEfGqPfX31TKC3w -- Visitado noutra passagem por este mesmo troco (SC-CRNOTPC-014); nao aparece no percurso de referencia.
# (scriptTask) Start TX -- Visitado noutra passagem por este mesmo troco (SC-CRNOTPC-014); nao aparece no percurso de referencia.
# (gateway) Check Retries SW_QRETRYCOUNT -- Visitado noutra passagem por este mesmo troco (SC-CRNOTPC-014); nao aparece no percurso de referencia.
# (scriptTask) Set Technical Error -- Visitado noutra passagem por este mesmo troco (SC-CRNOTPC-014); nao aparece no percurso de referencia.
# (endEvent) endEvent _NcJxK19KEfGqPfX31TKC3w -- Visitado noutra passagem por este mesmo troco (SC-CRNOTPC-014); nao aparece no percurso de referencia.
# (gateway) Tech Error -- Visitado noutra passagem por este mesmo troco (SC-CRNOTPC-014); nao aparece no percurso de referencia.
# (gateway) App Error -- Visitado noutra passagem por este mesmo troco (SC-CRNOTPC-014); nao aparece no percurso de referencia.
# (gateway) More Retries -- Visitado noutra passagem por este mesmo troco (SC-CRNOTPC-014); nao aparece no percurso de referencia.
# (gateway) gateway _NcJw8V9KEfGqPfX31TKC3w -- Visitado noutra passagem por este mesmo troco (SC-CRNOTPC-014); nao aparece no percurso de referencia.
# (userTask) Manipular Excecao -- Visitado noutra passagem por este mesmo troco (SC-CRNOTPC-014); nao aparece no percurso de referencia.
# (gateway) Manually Fixed -- Visitado noutra passagem por este mesmo troco (SC-CRNOTPC-014); nao aparece no percurso de referencia.
# (endEvent) Done - Fixed -- Visitado noutra passagem por este mesmo troco (SC-CRNOTPC-014); nao aparece no percurso de referencia.

h3. Onde aterra
* {{src/SefazSp.Epat.Application/Abstractions/Services}} -- _final_ -- A porta e transcricao do WSDL e nao se mexe; a implementacao SOAP/JMS e que se escreve.
* {{src/SefazSp.Epat.Application/Execution}} -- _scaffold_ -- O script do iProcess faz as duas coisas. O que calcula ou decide sobre o caso e regra de dominio e vai para Domain/Rules como funcao pura; o que mexe no envelope tecnico - STATUS_CODE, contadores de retentativa - fica em Application/Execution. A separacao ja esta feita em rule-catalogue.json, campo classification.eRegraDeNegocio.
* {{src/SefazSp.Epat.Application/UseCases}} -- _scaffold_ -- Tarefa humana e um caso de uso. As regras do code-behind das telas aterram aqui porque decidem o desfecho do processo, nao a apresentacao.
* {{src/SefazSp.Epat.Application/Workflows}} -- _scaffold_ -- Escopo embutido e topologia: a descida e o regresso tem de existir como transicao explicita, porque no XPDL nao existem.
* {{src/SefazSp.Epat.Domain/Rules}} -- _draft_ -- O script do iProcess faz as duas coisas. O que calcula ou decide sobre o caso e regra de dominio e vai para Domain/Rules como funcao pura; o que mexe no envelope tecnico - STATUS_CODE, contadores de retentativa - fica em Application/Execution. A separacao ja esta feita em rule-catalogue.json, campo classification.eRegraDeNegocio.
* {{src/SefazSp.Epat.Infrastructure/Integration.Soap}} -- _scaffold_ -- A porta e transcricao do WSDL e nao se mexe; a implementacao SOAP/JMS e que se escreve.

h3. Como se prova
Oraculo *scenario-path*, 8 caso(s), fixture {{artifacts/POC_Epat/scenarios/SC-CALCPRPC-008.json}}.
{panel:bgColor=#fffae6}Os valores esperados sao do kit e sao imutaveis. Ligar o arnes a fixture; nunca escrever nem editar um valor esperado.{panel}
* Build limpo, sem avisos
* O percurso do passo 1 ao 19 do cenario SC-CALCPRPC-008 corre de ponta a ponta

h3. Bloqueadores
* *iprocess-builtin* (decided) -- 4 no(s) deste segmento, de 17 no pacote inteiro. Decisao ratificada em NOEQ-iprocess-builtin.

h3. Rasto
Card {{BUILD-CALCPRPC-seg030}} -- IR {{scenarios[SC-CALCPRPC-008].segmentos[1]}} -- pacote {{POC_Epat}} -- manifesto {{e319db2a191633c242c3768767273b292a21aaeceae26ac0e73993f5b80a7b38}}
_Antes de implementar, reconferir o manifesto: se nao bater, o card tem de ser regerado e nao implementado._","bloq:iprocess-builtin card:BUILD-CALCPRPC-seg030 epat-migracao etapa:2 gerado-pelo-kit peso:atravessa-o-sistema SAIAPP tipo:build","EPIC-etapa-2","BUILD-CALCPRPC-seg030"
"[BUILD-CALCPRPC-seg031] Notificação do AIIM: de 'Start Event' ate 'Done - Success'","Story","*Construir o troco da jornada que vai de 'Start Event' a 'Done - Success', reproduzindo o comportamento observado no legado.*

h3. Contexto
Troco de 15 passo(s) da jornada do caso, de 'Start Event' ate 'Done - Success', no processo CALCPRPC. ATENCAO: 2 passo(s) sao alcancados por ligacao que NAO existe como transicao no XPDL (descida, regresso) e tem de ser escrita explicitamente no fluxo .NET. O troco corre dentro de um processo chamado a partir de 'DEAT0050/CalculaPrazo', e e dai que herda a etapa.

h3. Passos
# (startEvent) Start Event
# (scriptTask) SetParameters -- 1 regra(s) de negocio neste passo: RI-script-CALCPRPC-SetParameters
# (scriptTask) Start Loop
# (subProcessScope) Control System Task Call
# (startEvent) startEvent _zJIublqiEfG5K7mY0I3I6w -- entra por *descida* - nao existe como transicao no XPDL
# (scriptTask) Start TX
# (gateway) Check Retries SW_QRETRYCOUNT -- 1 regra(s) de negocio neste passo: RI-transition-CALCPRPC-CheckRetriesSWQRETRYCOUNT
# (serviceTask) CalcularPrazo
# (gateway) gateway _zJIuclqiEfG5K7mY0I3I6w -- decide: A chamada a CalcularPrazo foi bem sucedida?
# (scriptTask) Set App Error
# (gateway) gateway _zJIuc1qiEfG5K7mY0I3I6w
# (endEvent) endEvent _zJIub1qiEfG5K7mY0I3I6w
# (gateway) Tech Error -- entra por *regresso* - nao existe como transicao no XPDL
# (gateway) App Error
# (endEvent) Done - Success
# (scriptTask) Set Technical Error -- Visitado noutra passagem por este mesmo troco (SC-CALCPRPC-016); nao aparece no percurso de referencia.
# (startEvent) Start Event -- Visitado noutra passagem por este mesmo troco (SC-CRNOTPC-016); nao aparece no percurso de referencia.
# (scriptTask) SetParameters -- Visitado noutra passagem por este mesmo troco (SC-CRNOTPC-016); nao aparece no percurso de referencia.
# (scriptTask) Start Loop -- Visitado noutra passagem por este mesmo troco (SC-CRNOTPC-016); nao aparece no percurso de referencia.
# (subProcessScope) Control System Task Call -- Visitado noutra passagem por este mesmo troco (SC-CRNOTPC-016); nao aparece no percurso de referencia.
# (startEvent) startEvent _NcJxKl9KEfGqPfX31TKC3w -- Visitado noutra passagem por este mesmo troco (SC-CRNOTPC-016); nao aparece no percurso de referencia.
# (scriptTask) Start TX -- Visitado noutra passagem por este mesmo troco (SC-CRNOTPC-016); nao aparece no percurso de referencia.
# (gateway) Check Retries SW_QRETRYCOUNT -- Visitado noutra passagem por este mesmo troco (SC-CRNOTPC-016); nao aparece no percurso de referencia.
# (scriptTask) Set Technical Error -- Visitado noutra passagem por este mesmo troco (SC-CRNOTPC-016); nao aparece no percurso de referencia.
# (endEvent) endEvent _NcJxK19KEfGqPfX31TKC3w -- Visitado noutra passagem por este mesmo troco (SC-CRNOTPC-016); nao aparece no percurso de referencia.
# (gateway) Tech Error -- Visitado noutra passagem por este mesmo troco (SC-CRNOTPC-016); nao aparece no percurso de referencia.
# (gateway) App Error -- Visitado noutra passagem por este mesmo troco (SC-CRNOTPC-016); nao aparece no percurso de referencia.
# (endEvent) Done - Success -- Visitado noutra passagem por este mesmo troco (SC-CRNOTPC-016); nao aparece no percurso de referencia.

h3. Onde aterra
* {{src/SefazSp.Epat.Application/Abstractions/Services}} -- _final_ -- A porta e transcricao do WSDL e nao se mexe; a implementacao SOAP/JMS e que se escreve.
* {{src/SefazSp.Epat.Application/Execution}} -- _scaffold_ -- O script do iProcess faz as duas coisas. O que calcula ou decide sobre o caso e regra de dominio e vai para Domain/Rules como funcao pura; o que mexe no envelope tecnico - STATUS_CODE, contadores de retentativa - fica em Application/Execution. A separacao ja esta feita em rule-catalogue.json, campo classification.eRegraDeNegocio.
* {{src/SefazSp.Epat.Application/Workflows}} -- _scaffold_ -- Escopo embutido e topologia: a descida e o regresso tem de existir como transicao explicita, porque no XPDL nao existem.
* {{src/SefazSp.Epat.Domain/Rules}} -- _draft_ -- O script do iProcess faz as duas coisas. O que calcula ou decide sobre o caso e regra de dominio e vai para Domain/Rules como funcao pura; o que mexe no envelope tecnico - STATUS_CODE, contadores de retentativa - fica em Application/Execution. A separacao ja esta feita em rule-catalogue.json, campo classification.eRegraDeNegocio.
* {{src/SefazSp.Epat.Infrastructure/Integration.Soap}} -- _scaffold_ -- A porta e transcricao do WSDL e nao se mexe; a implementacao SOAP/JMS e que se escreve.

h3. Como se prova
Oraculo *scenario-path*, 4 caso(s), fixture {{artifacts/POC_Epat/scenarios/SC-CALCPRPC-010.json}}.
{panel:bgColor=#fffae6}Os valores esperados sao do kit e sao imutaveis. Ligar o arnes a fixture; nunca escrever nem editar um valor esperado.{panel}
* Build limpo, sem avisos
* O percurso do passo 1 ao 15 do cenario SC-CALCPRPC-010 corre de ponta a ponta

h3. Bloqueadores
* *iprocess-builtin* (decided) -- 4 no(s) deste segmento, de 17 no pacote inteiro. Decisao ratificada em NOEQ-iprocess-builtin.

h3. Rasto
Card {{BUILD-CALCPRPC-seg031}} -- IR {{scenarios[SC-CALCPRPC-010].segmentos[1]}} -- pacote {{POC_Epat}} -- manifesto {{e319db2a191633c242c3768767273b292a21aaeceae26ac0e73993f5b80a7b38}}
_Antes de implementar, reconferir o manifesto: se nao bater, o card tem de ser regerado e nao implementado._","bloq:iprocess-builtin card:BUILD-CALCPRPC-seg031 epat-migracao etapa:2 gerado-pelo-kit peso:atravessa-o-sistema SAIAPP tipo:build","EPIC-etapa-2","BUILD-CALCPRPC-seg031"
"[BUILD-CALCPRPC-seg032] Notificação do AIIM: de 'Start Event' ate 'Try Task'","Story","*Construir o troco da jornada que vai de 'Start Event' a 'Try Task', reproduzindo o comportamento observado no legado.*

h3. Contexto
Troco de 18 passo(s) da jornada do caso, de 'Start Event' ate 'Try Task', no processo CALCPRPC. ATENCAO: 3 passo(s) sao alcancados por ligacao que NAO existe como transicao no XPDL (descida, link, regresso) e tem de ser escrita explicitamente no fluxo .NET. O troco corre dentro de um processo chamado a partir de 'DEAT0050/CalculaPrazo', e e dai que herda a etapa.

h3. Passos
# (startEvent) Start Event
# (scriptTask) SetParameters -- 1 regra(s) de negocio neste passo: RI-script-CALCPRPC-SetParameters
# (scriptTask) Start Loop
# (subProcessScope) Control System Task Call
# (startEvent) startEvent _zJIublqiEfG5K7mY0I3I6w -- entra por *descida* - nao existe como transicao no XPDL
# (scriptTask) Start TX
# (gateway) Check Retries SW_QRETRYCOUNT -- 1 regra(s) de negocio neste passo: RI-transition-CALCPRPC-CheckRetriesSWQRETRYCOUNT
# (serviceTask) CalcularPrazo
# (gateway) gateway _zJIuclqiEfG5K7mY0I3I6w -- decide: A chamada a CalcularPrazo foi bem sucedida?
# (scriptTask) Set App Error
# (gateway) gateway _zJIuc1qiEfG5K7mY0I3I6w
# (endEvent) endEvent _zJIub1qiEfG5K7mY0I3I6w
# (gateway) Tech Error -- entra por *regresso* - nao existe como transicao no XPDL
# (gateway) App Error
# (gateway) More Retries
# (timerEvent) Pause
# (linkThrow) Link To: Try Task
# (linkCatch) Try Task -- entra por *link* - nao existe como transicao no XPDL
# (scriptTask) Set Technical Error -- Visitado noutra passagem por este mesmo troco (SC-CALCPRPC-013); nao aparece no percurso de referencia.
# (startEvent) Start Event -- Visitado noutra passagem por este mesmo troco (SC-CRNOTPC-013); nao aparece no percurso de referencia.
# (scriptTask) SetParameters -- Visitado noutra passagem por este mesmo troco (SC-CRNOTPC-013); nao aparece no percurso de referencia.
# (scriptTask) Start Loop -- Visitado noutra passagem por este mesmo troco (SC-CRNOTPC-013); nao aparece no percurso de referencia.
# (subProcessScope) Control System Task Call -- Visitado noutra passagem por este mesmo troco (SC-CRNOTPC-013); nao aparece no percurso de referencia.
# (startEvent) startEvent _NcJxKl9KEfGqPfX31TKC3w -- Visitado noutra passagem por este mesmo troco (SC-CRNOTPC-013); nao aparece no percurso de referencia.
# (scriptTask) Start TX -- Visitado noutra passagem por este mesmo troco (SC-CRNOTPC-013); nao aparece no percurso de referencia.
# (gateway) Check Retries SW_QRETRYCOUNT -- Visitado noutra passagem por este mesmo troco (SC-CRNOTPC-013); nao aparece no percurso de referencia.
# (scriptTask) Set Technical Error -- Visitado noutra passagem por este mesmo troco (SC-CRNOTPC-013); nao aparece no percurso de referencia.
# (endEvent) endEvent _NcJxK19KEfGqPfX31TKC3w -- Visitado noutra passagem por este mesmo troco (SC-CRNOTPC-013); nao aparece no percurso de referencia.
# (gateway) Tech Error -- Visitado noutra passagem por este mesmo troco (SC-CRNOTPC-013); nao aparece no percurso de referencia.
# (gateway) App Error -- Visitado noutra passagem por este mesmo troco (SC-CRNOTPC-013); nao aparece no percurso de referencia.
# (gateway) More Retries -- Visitado noutra passagem por este mesmo troco (SC-CRNOTPC-013); nao aparece no percurso de referencia.
# (timerEvent) Pause -- Visitado noutra passagem por este mesmo troco (SC-CRNOTPC-013); nao aparece no percurso de referencia.
# (linkThrow) Link To: Try Task -- Visitado noutra passagem por este mesmo troco (SC-CRNOTPC-013); nao aparece no percurso de referencia.
# (linkCatch) Try Task -- Visitado noutra passagem por este mesmo troco (SC-CRNOTPC-013); nao aparece no percurso de referencia.

h3. Onde aterra
* {{src/SefazSp.Epat.Application/Abstractions/Services}} -- _final_ -- A porta e transcricao do WSDL e nao se mexe; a implementacao SOAP/JMS e que se escreve.
* {{src/SefazSp.Epat.Application/Execution}} -- _scaffold_ -- O script do iProcess faz as duas coisas. O que calcula ou decide sobre o caso e regra de dominio e vai para Domain/Rules como funcao pura; o que mexe no envelope tecnico - STATUS_CODE, contadores de retentativa - fica em Application/Execution. A separacao ja esta feita em rule-catalogue.json, campo classification.eRegraDeNegocio.
* {{src/SefazSp.Epat.Application/Workflows}} -- _scaffold_ -- Escopo embutido e topologia: a descida e o regresso tem de existir como transicao explicita, porque no XPDL nao existem.
* {{src/SefazSp.Epat.Domain/Abstractions}} -- _final_ -- O prazo e agendamento, logo topologia; mas depende de tempo, e tempo entra por IClock injectado. Nunca DateTime.Now - o teste de prazo precisa de relogio controlavel.
* {{src/SefazSp.Epat.Domain/Rules}} -- _draft_ -- O script do iProcess faz as duas coisas. O que calcula ou decide sobre o caso e regra de dominio e vai para Domain/Rules como funcao pura; o que mexe no envelope tecnico - STATUS_CODE, contadores de retentativa - fica em Application/Execution. A separacao ja esta feita em rule-catalogue.json, campo classification.eRegraDeNegocio.
* {{src/SefazSp.Epat.Infrastructure/Integration.Soap}} -- _scaffold_ -- A porta e transcricao do WSDL e nao se mexe; a implementacao SOAP/JMS e que se escreve.

h3. Como se prova
Oraculo *scenario-path*, 4 caso(s), fixture {{artifacts/POC_Epat/scenarios/SC-CALCPRPC-007.json}}.
{panel:bgColor=#fffae6}Os valores esperados sao do kit e sao imutaveis. Ligar o arnes a fixture; nunca escrever nem editar um valor esperado.{panel}
* Build limpo, sem avisos
* O percurso do passo 1 ao 18 do cenario SC-CALCPRPC-007 corre de ponta a ponta

h3. Bloqueadores
* *iprocess-builtin* (decided) -- 4 no(s) deste segmento, de 17 no pacote inteiro. Decisao ratificada em NOEQ-iprocess-builtin.
* *link-goto* (decided) -- 4 no(s) deste segmento, de 20 no pacote inteiro. Decisao ratificada em NOEQ-link-goto.

h3. Rasto
Card {{BUILD-CALCPRPC-seg032}} -- IR {{scenarios[SC-CALCPRPC-007].segmentos[1]}} -- pacote {{POC_Epat}} -- manifesto {{e319db2a191633c242c3768767273b292a21aaeceae26ac0e73993f5b80a7b38}}
_Antes de implementar, reconferir o manifesto: se nao bater, o card tem de ser regerado e nao implementado._","bloq:iprocess-builtin bloq:link-goto card:BUILD-CALCPRPC-seg032 epat-migracao etapa:2 gerado-pelo-kit peso:atravessa-o-sistema SAIAPP tipo:build","EPIC-etapa-2","BUILD-CALCPRPC-seg032"
"[BUILD-CONTROPC-seg039] Verificação do Retorno do Decisions: de 'Aguardar Retorno' ate 'endEvent _-bkw8l6JEfGBBLgT-R5iuw'","Story","*Construir o troco da jornada que vai de 'Aguardar Retorno' a 'endEvent _-bkw8l6JEfGBBLgT-R5iuw', reproduzindo o comportamento observado no legado.*

h3. Contexto
Troco de 3 passo(s) da jornada do caso, de 'Aguardar Retorno' ate 'endEvent _-bkw8l6JEfGBBLgT-R5iuw', no processo CONTROPC.

h3. Passos
# (callActivity) Aguardar Retorno
# (scriptTask) Desativa Subs
# (endEvent) endEvent _-bkw8l6JEfGBBLgT-R5iuw

h3. Onde aterra
* {{src/SefazSp.Epat.Application/Abstractions/Processes}} -- _final_ -- A interface e transcricao do xpdExt:ProcessInterface. O destino resolve-se em execucao contra o registo validado no arranque; onde nao houver implementacao entregue, ha duble.
* {{src/SefazSp.Epat.Application/Execution}} -- _scaffold_ -- O script do iProcess faz as duas coisas. O que calcula ou decide sobre o caso e regra de dominio e vai para Domain/Rules como funcao pura; o que mexe no envelope tecnico - STATUS_CODE, contadores de retentativa - fica em Application/Execution. A separacao ja esta feita em rule-catalogue.json, campo classification.eRegraDeNegocio.
* {{src/SefazSp.Epat.Application/Workflows}} -- _final_ -- Encerramento de instancia. Transcricao, com a ressalva de que o endEvent de um subprocesso e um regresso e nao um encerramento.
* {{src/SefazSp.Epat.Infrastructure/Integration.Doubles}} -- _scaffold_ -- A interface e transcricao do xpdExt:ProcessInterface. O destino resolve-se em execucao contra o registo validado no arranque; onde nao houver implementacao entregue, ha duble.

h3. Como se prova
Oraculo *scenario-path*, 1 caso(s), fixture {{artifacts/POC_Epat/scenarios/SC-CONTROPC-001.json}}.
{panel:bgColor=#fffae6}Os valores esperados sao do kit e sao imutaveis. Ligar o arnes a fixture; nunca escrever nem editar um valor esperado.{panel}
* Build limpo, sem avisos
* O percurso do passo 5 ao 7 do cenario SC-CONTROPC-001 corre de ponta a ponta

h3. Bloqueadores
* *dynamic-subprocess* (decided) -- 1 no(s) deste segmento, de 3 no pacote inteiro. Decisao ratificada em NOEQ-dynamic-subprocess.

h3. Rasto
Card {{BUILD-CONTROPC-seg039}} -- IR {{scenarios[SC-CONTROPC-001].segmentos[1]}} -- pacote {{POC_Epat}} -- manifesto {{e319db2a191633c242c3768767273b292a21aaeceae26ac0e73993f5b80a7b38}}
_Antes de implementar, reconferir o manifesto: se nao bater, o card tem de ser regerado e nao implementado._","bloq:dynamic-subprocess card:BUILD-CONTROPC-seg039 epat-migracao etapa:4 gerado-pelo-kit peso:grande SAIAPP tipo:build","EPIC-etapa-4","BUILD-CONTROPC-seg039"
"[BUILD-CONTROPC-seg045] Verificação do Retorno do Decisions: de 'Start Event' ate 'ISetSubProc'","Story","*Construir o troco da jornada que vai de 'Start Event' a 'ISetSubProc', reproduzindo o comportamento observado no legado.*

h3. Contexto
Troco de 4 passo(s) da jornada do caso, de 'Start Event' ate 'ISetSubProc', no processo CONTROPC.

h3. Passos
# (startEvent) Start Event
# (callActivity) AtualizaIntimacao
# (scriptTask) Controle de Prazos -- 1 regra(s) de negocio neste passo: RI-script-CONTROPC-ControledePrazos
# (scriptTask) ISetSubProc -- 1 regra(s) de negocio neste passo: RI-script-CONTROPC-ISetSubProc

h3. Onde aterra
* {{src/SefazSp.Epat.Application/Abstractions/Processes}} -- _final_ -- A interface e transcricao do xpdExt:ProcessInterface. O destino resolve-se em execucao contra o registo validado no arranque; onde nao houver implementacao entregue, ha duble.
* {{src/SefazSp.Epat.Application/Workflows}} -- _final_ -- Ciclo de vida da instancia. Transcricao: nao ha corpo a escrever.
* {{src/SefazSp.Epat.Domain/Rules}} -- _draft_ -- O script do iProcess faz as duas coisas. O que calcula ou decide sobre o caso e regra de dominio e vai para Domain/Rules como funcao pura; o que mexe no envelope tecnico - STATUS_CODE, contadores de retentativa - fica em Application/Execution. A separacao ja esta feita em rule-catalogue.json, campo classification.eRegraDeNegocio.
* {{src/SefazSp.Epat.Infrastructure/Integration.Doubles}} -- _scaffold_ -- A interface e transcricao do xpdExt:ProcessInterface. O destino resolve-se em execucao contra o registo validado no arranque; onde nao houver implementacao entregue, ha duble.

h3. Como se prova
Oraculo *scenario-path*, 1 caso(s), fixture {{artifacts/POC_Epat/scenarios/SC-CONTROPC-001.json}}.
{panel:bgColor=#fffae6}Os valores esperados sao do kit e sao imutaveis. Ligar o arnes a fixture; nunca escrever nem editar um valor esperado.{panel}
* Build limpo, sem avisos
* O percurso do passo 1 ao 4 do cenario SC-CONTROPC-001 corre de ponta a ponta

h3. Bloqueadores
* *iprocess-builtin* (decided) -- 1 no(s) deste segmento, de 17 no pacote inteiro. Decisao ratificada em NOEQ-iprocess-builtin.

h3. Rasto
Card {{BUILD-CONTROPC-seg045}} -- IR {{scenarios[SC-CONTROPC-001].segmentos[0]}} -- pacote {{POC_Epat}} -- manifesto {{e319db2a191633c242c3768767273b292a21aaeceae26ac0e73993f5b80a7b38}}
_Antes de implementar, reconferir o manifesto: se nao bater, o card tem de ser regerado e nao implementado._","bloq:iprocess-builtin card:BUILD-CONTROPC-seg045 epat-migracao etapa:4 gerado-pelo-kit peso:atravessa-o-sistema SAIAPP tipo:build","EPIC-etapa-4","BUILD-CONTROPC-seg045"
"[BUILD-CRNOTPC-seg016] Notificação do AIIM: de 'CriaNotificacao' ate 'Done - Bail'","Story","*Construir o troco da jornada que vai de 'CriaNotificacao' a 'Done - Bail', reproduzindo o comportamento observado no legado.*

h3. Contexto
Troco de 13 passo(s) da jornada do caso, de 'CriaNotificacao' ate 'Done - Bail', no processo CRNOTPC. ATENCAO: 1 passo(s) sao alcancados por ligacao que NAO existe como transicao no XPDL (regresso) e tem de ser escrita explicitamente no fluxo .NET.

h3. Passos
# (serviceTask) CriaNotificacao
# (gateway) gateway _NcJxLl9KEfGqPfX31TKC3w -- decide: A chamada a CriaNotificacao foi bem sucedida?
# (scriptTask) Set App Error
# (gateway) gateway _NcJxL19KEfGqPfX31TKC3w
# (endEvent) endEvent _NcJxK19KEfGqPfX31TKC3w
# (gateway) Tech Error -- entra por *regresso* - nao existe como transicao no XPDL
# (gateway) App Error
# (gateway) More Retries
# (gateway) gateway _NcJw8V9KEfGqPfX31TKC3w
# (userTask) Manipular Excecao
# (gateway) Manually Fixed
# (gateway) Try Again
# (endEvent) Done - Bail

h3. Onde aterra
* {{src/SefazSp.Epat.Application/Abstractions/Services}} -- _final_ -- A porta e transcricao do WSDL e nao se mexe; a implementacao SOAP/JMS e que se escreve.
* {{src/SefazSp.Epat.Application/Execution}} -- _scaffold_ -- O script do iProcess faz as duas coisas. O que calcula ou decide sobre o caso e regra de dominio e vai para Domain/Rules como funcao pura; o que mexe no envelope tecnico - STATUS_CODE, contadores de retentativa - fica em Application/Execution. A separacao ja esta feita em rule-catalogue.json, campo classification.eRegraDeNegocio.
* {{src/SefazSp.Epat.Application/UseCases}} -- _scaffold_ -- Tarefa humana e um caso de uso. As regras do code-behind das telas aterram aqui porque decidem o desfecho do processo, nao a apresentacao.
* {{src/SefazSp.Epat.Application/Workflows}} -- _scaffold_ -- A condicao ja esta extraida do XPDL. O desvio e topologia, e topologia e dado - nao codigo espalhado.
* {{src/SefazSp.Epat.Infrastructure/Integration.Soap}} -- _scaffold_ -- A porta e transcricao do WSDL e nao se mexe; a implementacao SOAP/JMS e que se escreve.

h3. Como se prova
Oraculo *scenario-path*, 4 caso(s), fixture {{artifacts/POC_Epat/scenarios/SC-CRNOTPC-009.json}}.
{panel:bgColor=#fffae6}Os valores esperados sao do kit e sao imutaveis. Ligar o arnes a fixture; nunca escrever nem editar um valor esperado.{panel}
* Build limpo, sem avisos
* O percurso do passo 8 ao 20 do cenario SC-CRNOTPC-009 corre de ponta a ponta

h3. Rasto
Card {{BUILD-CRNOTPC-seg016}} -- IR {{scenarios[SC-CRNOTPC-009].segmentos[1]}} -- pacote {{POC_Epat}} -- manifesto {{e319db2a191633c242c3768767273b292a21aaeceae26ac0e73993f5b80a7b38}}
_Antes de implementar, reconferir o manifesto: se nao bater, o card tem de ser regerado e nao implementado._","card:BUILD-CRNOTPC-seg016 epat-migracao etapa:2 gerado-pelo-kit peso:grande SAIAPP tipo:build","EPIC-etapa-2","BUILD-CRNOTPC-seg016"
"[BUILD-CRNOTPC-seg017] Notificação do AIIM: de 'CriaNotificacao' ate 'Done - Fixed'","Story","*Construir o troco da jornada que vai de 'CriaNotificacao' a 'Done - Fixed', reproduzindo o comportamento observado no legado.*

h3. Contexto
Troco de 12 passo(s) da jornada do caso, de 'CriaNotificacao' ate 'Done - Fixed', no processo CRNOTPC. ATENCAO: 1 passo(s) sao alcancados por ligacao que NAO existe como transicao no XPDL (regresso) e tem de ser escrita explicitamente no fluxo .NET.

h3. Passos
# (serviceTask) CriaNotificacao
# (gateway) gateway _NcJxLl9KEfGqPfX31TKC3w -- decide: A chamada a CriaNotificacao foi bem sucedida?
# (scriptTask) Set App Error
# (gateway) gateway _NcJxL19KEfGqPfX31TKC3w
# (endEvent) endEvent _NcJxK19KEfGqPfX31TKC3w
# (gateway) Tech Error -- entra por *regresso* - nao existe como transicao no XPDL
# (gateway) App Error
# (gateway) More Retries
# (gateway) gateway _NcJw8V9KEfGqPfX31TKC3w
# (userTask) Manipular Excecao
# (gateway) Manually Fixed
# (endEvent) Done - Fixed

h3. Onde aterra
* {{src/SefazSp.Epat.Application/Abstractions/Services}} -- _final_ -- A porta e transcricao do WSDL e nao se mexe; a implementacao SOAP/JMS e que se escreve.
* {{src/SefazSp.Epat.Application/Execution}} -- _scaffold_ -- O script do iProcess faz as duas coisas. O que calcula ou decide sobre o caso e regra de dominio e vai para Domain/Rules como funcao pura; o que mexe no envelope tecnico - STATUS_CODE, contadores de retentativa - fica em Application/Execution. A separacao ja esta feita em rule-catalogue.json, campo classification.eRegraDeNegocio.
* {{src/SefazSp.Epat.Application/UseCases}} -- _scaffold_ -- Tarefa humana e um caso de uso. As regras do code-behind das telas aterram aqui porque decidem o desfecho do processo, nao a apresentacao.
* {{src/SefazSp.Epat.Application/Workflows}} -- _scaffold_ -- A condicao ja esta extraida do XPDL. O desvio e topologia, e topologia e dado - nao codigo espalhado.
* {{src/SefazSp.Epat.Infrastructure/Integration.Soap}} -- _scaffold_ -- A porta e transcricao do WSDL e nao se mexe; a implementacao SOAP/JMS e que se escreve.

h3. Como se prova
Oraculo *scenario-path*, 4 caso(s), fixture {{artifacts/POC_Epat/scenarios/SC-CRNOTPC-008.json}}.
{panel:bgColor=#fffae6}Os valores esperados sao do kit e sao imutaveis. Ligar o arnes a fixture; nunca escrever nem editar um valor esperado.{panel}
* Build limpo, sem avisos
* O percurso do passo 8 ao 19 do cenario SC-CRNOTPC-008 corre de ponta a ponta

h3. Rasto
Card {{BUILD-CRNOTPC-seg017}} -- IR {{scenarios[SC-CRNOTPC-008].segmentos[1]}} -- pacote {{POC_Epat}} -- manifesto {{e319db2a191633c242c3768767273b292a21aaeceae26ac0e73993f5b80a7b38}}
_Antes de implementar, reconferir o manifesto: se nao bater, o card tem de ser regerado e nao implementado._","card:BUILD-CRNOTPC-seg017 epat-migracao etapa:2 gerado-pelo-kit peso:grande SAIAPP tipo:build","EPIC-etapa-2","BUILD-CRNOTPC-seg017"
"[BUILD-CRNOTPC-seg018] Notificação do AIIM: de 'CriaNotificacao' ate 'Done - Success'","Story","*Construir o troco da jornada que vai de 'CriaNotificacao' a 'Done - Success', reproduzindo o comportamento observado no legado.*

h3. Contexto
Troco de 8 passo(s) da jornada do caso, de 'CriaNotificacao' ate 'Done - Success', no processo CRNOTPC. ATENCAO: 1 passo(s) sao alcancados por ligacao que NAO existe como transicao no XPDL (regresso) e tem de ser escrita explicitamente no fluxo .NET.

h3. Passos
# (serviceTask) CriaNotificacao
# (gateway) gateway _NcJxLl9KEfGqPfX31TKC3w -- decide: A chamada a CriaNotificacao foi bem sucedida?
# (scriptTask) Set App Error
# (gateway) gateway _NcJxL19KEfGqPfX31TKC3w
# (endEvent) endEvent _NcJxK19KEfGqPfX31TKC3w
# (gateway) Tech Error -- entra por *regresso* - nao existe como transicao no XPDL
# (gateway) App Error
# (endEvent) Done - Success

h3. Onde aterra
* {{src/SefazSp.Epat.Application/Abstractions/Services}} -- _final_ -- A porta e transcricao do WSDL e nao se mexe; a implementacao SOAP/JMS e que se escreve.
* {{src/SefazSp.Epat.Application/Execution}} -- _scaffold_ -- O script do iProcess faz as duas coisas. O que calcula ou decide sobre o caso e regra de dominio e vai para Domain/Rules como funcao pura; o que mexe no envelope tecnico - STATUS_CODE, contadores de retentativa - fica em Application/Execution. A separacao ja esta feita em rule-catalogue.json, campo classification.eRegraDeNegocio.
* {{src/SefazSp.Epat.Application/Workflows}} -- _scaffold_ -- A condicao ja esta extraida do XPDL. O desvio e topologia, e topologia e dado - nao codigo espalhado.
* {{src/SefazSp.Epat.Infrastructure/Integration.Soap}} -- _scaffold_ -- A porta e transcricao do WSDL e nao se mexe; a implementacao SOAP/JMS e que se escreve.

h3. Como se prova
Oraculo *scenario-path*, 2 caso(s), fixture {{artifacts/POC_Epat/scenarios/SC-CRNOTPC-010.json}}.
{panel:bgColor=#fffae6}Os valores esperados sao do kit e sao imutaveis. Ligar o arnes a fixture; nunca escrever nem editar um valor esperado.{panel}
* Build limpo, sem avisos
* O percurso do passo 8 ao 15 do cenario SC-CRNOTPC-010 corre de ponta a ponta

h3. Rasto
Card {{BUILD-CRNOTPC-seg018}} -- IR {{scenarios[SC-CRNOTPC-010].segmentos[1]}} -- pacote {{POC_Epat}} -- manifesto {{e319db2a191633c242c3768767273b292a21aaeceae26ac0e73993f5b80a7b38}}
_Antes de implementar, reconferir o manifesto: se nao bater, o card tem de ser regerado e nao implementado._","card:BUILD-CRNOTPC-seg018 epat-migracao etapa:2 gerado-pelo-kit peso:grande SAIAPP tipo:build","EPIC-etapa-2","BUILD-CRNOTPC-seg018"
"[BUILD-CRNOTPC-seg019] Notificação do AIIM: de 'CriaNotificacao' ate 'Try Task'","Story","*Construir o troco da jornada que vai de 'CriaNotificacao' a 'Try Task', reproduzindo o comportamento observado no legado.*

h3. Contexto
Troco de 11 passo(s) da jornada do caso, de 'CriaNotificacao' ate 'Try Task', no processo CRNOTPC. ATENCAO: 2 passo(s) sao alcancados por ligacao que NAO existe como transicao no XPDL (link, regresso) e tem de ser escrita explicitamente no fluxo .NET.

h3. Passos
# (serviceTask) CriaNotificacao
# (gateway) gateway _NcJxLl9KEfGqPfX31TKC3w -- decide: A chamada a CriaNotificacao foi bem sucedida?
# (scriptTask) Set App Error
# (gateway) gateway _NcJxL19KEfGqPfX31TKC3w
# (endEvent) endEvent _NcJxK19KEfGqPfX31TKC3w
# (gateway) Tech Error -- entra por *regresso* - nao existe como transicao no XPDL
# (gateway) App Error
# (gateway) More Retries
# (timerEvent) Pause
# (linkThrow) Link To: Try Task
# (linkCatch) Try Task -- entra por *link* - nao existe como transicao no XPDL

h3. Onde aterra
* {{src/SefazSp.Epat.Application/Abstractions/Services}} -- _final_ -- A porta e transcricao do WSDL e nao se mexe; a implementacao SOAP/JMS e que se escreve.
* {{src/SefazSp.Epat.Application/Execution}} -- _scaffold_ -- O script do iProcess faz as duas coisas. O que calcula ou decide sobre o caso e regra de dominio e vai para Domain/Rules como funcao pura; o que mexe no envelope tecnico - STATUS_CODE, contadores de retentativa - fica em Application/Execution. A separacao ja esta feita em rule-catalogue.json, campo classification.eRegraDeNegocio.
* {{src/SefazSp.Epat.Application/Workflows}} -- _scaffold_ -- A condicao ja esta extraida do XPDL. O desvio e topologia, e topologia e dado - nao codigo espalhado.
* {{src/SefazSp.Epat.Domain/Abstractions}} -- _final_ -- O prazo e agendamento, logo topologia; mas depende de tempo, e tempo entra por IClock injectado. Nunca DateTime.Now - o teste de prazo precisa de relogio controlavel.
* {{src/SefazSp.Epat.Infrastructure/Integration.Soap}} -- _scaffold_ -- A porta e transcricao do WSDL e nao se mexe; a implementacao SOAP/JMS e que se escreve.

h3. Como se prova
Oraculo *scenario-path*, 2 caso(s), fixture {{artifacts/POC_Epat/scenarios/SC-CRNOTPC-007.json}}.
{panel:bgColor=#fffae6}Os valores esperados sao do kit e sao imutaveis. Ligar o arnes a fixture; nunca escrever nem editar um valor esperado.{panel}
* Build limpo, sem avisos
* O percurso do passo 8 ao 18 do cenario SC-CRNOTPC-007 corre de ponta a ponta

h3. Bloqueadores
* *link-goto* (decided) -- 2 no(s) deste segmento, de 20 no pacote inteiro. Decisao ratificada em NOEQ-link-goto.

h3. Rasto
Card {{BUILD-CRNOTPC-seg019}} -- IR {{scenarios[SC-CRNOTPC-007].segmentos[1]}} -- pacote {{POC_Epat}} -- manifesto {{e319db2a191633c242c3768767273b292a21aaeceae26ac0e73993f5b80a7b38}}
_Antes de implementar, reconferir o manifesto: se nao bater, o card tem de ser regerado e nao implementado._","bloq:link-goto card:BUILD-CRNOTPC-seg019 epat-migracao etapa:2 gerado-pelo-kit peso:atravessa-o-sistema SAIAPP tipo:build","EPIC-etapa-2","BUILD-CRNOTPC-seg019"
"[BUILD-CRNOTPC-seg028] Notificação do AIIM: de 'Start Event' ate 'Check Retries SW_QRETRYCOUNT'","Story","*Construir o troco da jornada que vai de 'Start Event' a 'Check Retries SW_QRETRYCOUNT', reproduzindo o comportamento observado no legado.*

h3. Contexto
Troco de 7 passo(s) da jornada do caso, de 'Start Event' ate 'Check Retries SW_QRETRYCOUNT', no processo CRNOTPC. ATENCAO: 1 passo(s) sao alcancados por ligacao que NAO existe como transicao no XPDL (descida) e tem de ser escrita explicitamente no fluxo .NET.

h3. Passos
# (startEvent) Start Event
# (scriptTask) SetParameters -- 1 regra(s) de negocio neste passo: RI-script-CRNOTPC-SetParameters
# (scriptTask) Start Loop
# (subProcessScope) Control System Task Call
# (startEvent) startEvent _NcJxKl9KEfGqPfX31TKC3w -- entra por *descida* - nao existe como transicao no XPDL
# (scriptTask) Start TX
# (gateway) Check Retries SW_QRETRYCOUNT -- 1 regra(s) de negocio neste passo: RI-transition-CRNOTPC-CheckRetriesSWQRETRYCOUNT

h3. Onde aterra
* {{src/SefazSp.Epat.Application/Execution}} -- _scaffold_ -- O script do iProcess faz as duas coisas. O que calcula ou decide sobre o caso e regra de dominio e vai para Domain/Rules como funcao pura; o que mexe no envelope tecnico - STATUS_CODE, contadores de retentativa - fica em Application/Execution. A separacao ja esta feita em rule-catalogue.json, campo classification.eRegraDeNegocio.
* {{src/SefazSp.Epat.Application/Workflows}} -- _scaffold_ -- Escopo embutido e topologia: a descida e o regresso tem de existir como transicao explicita, porque no XPDL nao existem.
* {{src/SefazSp.Epat.Domain/Rules}} -- _draft_ -- O script do iProcess faz as duas coisas. O que calcula ou decide sobre o caso e regra de dominio e vai para Domain/Rules como funcao pura; o que mexe no envelope tecnico - STATUS_CODE, contadores de retentativa - fica em Application/Execution. A separacao ja esta feita em rule-catalogue.json, campo classification.eRegraDeNegocio.

h3. Como se prova
Oraculo *scenario-path*, 12 caso(s), fixture {{artifacts/POC_Epat/scenarios/SC-CRNOTPC-001.json}}.
{panel:bgColor=#fffae6}Os valores esperados sao do kit e sao imutaveis. Ligar o arnes a fixture; nunca escrever nem editar um valor esperado.{panel}
* Build limpo, sem avisos
* O percurso do passo 1 ao 7 do cenario SC-CRNOTPC-001 corre de ponta a ponta

h3. Bloqueadores
* *iprocess-builtin* (decided) -- 2 no(s) deste segmento, de 17 no pacote inteiro. Decisao ratificada em NOEQ-iprocess-builtin.

h3. Rasto
Card {{BUILD-CRNOTPC-seg028}} -- IR {{scenarios[SC-CRNOTPC-001].segmentos[0]}} -- pacote {{POC_Epat}} -- manifesto {{e319db2a191633c242c3768767273b292a21aaeceae26ac0e73993f5b80a7b38}}
_Antes de implementar, reconferir o manifesto: se nao bater, o card tem de ser regerado e nao implementado._","bloq:iprocess-builtin card:BUILD-CRNOTPC-seg028 epat-migracao etapa:2 gerado-pelo-kit peso:grande SAIAPP tipo:build","EPIC-etapa-2","BUILD-CRNOTPC-seg028"
"[BUILD-DEAT0050-seg008] Retomada por evento externo e entrada no laco de prazo","Story","*Construir o troco da jornada que vai de 'INICALC' a 'Controlar Data', reproduzindo o comportamento observado no legado.*

h3. Contexto
Troco de 6 passo(s) da jornada do caso, de 'INICALC' ate 'Controlar Data', no processo DEAT0050. O troco corre dentro de um processo chamado a partir de 'POC_EpatProcess/Aguardar evento de Notificacao do AIIM', e e dai que herda a etapa.

h3. Hipoteses a confirmar
_Parecer de analise, nao facto. Confirmar antes de assumir._
* A chave de correlacao ja existe e nao precisa de ser inventada: PROCESS_ID e montado pelos scripts antes de cada chamada.
* O prazo e um instante absoluto combinado de data e hora no momento do agendamento, e nao uma duracao; o temporizador tem de ser rearmado sempre que o campo de prazo for reescrito.
* O atalho que encurta o prazo para uma hora quando SW_HOSTNAME e 'des1' nao migra: os testes usam relogio controlavel.

h3. Passos
# (receiveTask) INICALC
# (callActivity) CalculaPrazo
# (scriptTask) HoraFimSC
# (gateway) gateway _lrer_VqhEfG5K7mY0I3I6w -- decide: Ja se esperou pelo prazo em vigor?; 1 regra(s) de negocio neste passo: RI-transition-DEAT0050-gatewaylrerVqhEfG5K7mY0I3I6w
# (timerEvent) Aguarda Defesa -- 1 regra(s) de negocio neste passo: RI-deadline-DEAT0050-AguardaDefesa
# (scriptTask) Controlar Data

h3. Onde aterra
* {{src/SefazSp.Epat.Api/Endpoints}} -- _scaffold_ -- Evento externo precisa de chave de correlacao (ICorrelationStore) e de um ponto de entrada para a retomada. gaps.external-event = bookmark-correlation.
* {{src/SefazSp.Epat.Application/Abstractions/Processes}} -- _final_ -- A interface e transcricao do xpdExt:ProcessInterface. O destino resolve-se em execucao contra o registo validado no arranque; onde nao houver implementacao entregue, ha duble.
* {{src/SefazSp.Epat.Application/Abstractions/Runtime}} -- _final_ -- Evento externo precisa de chave de correlacao (ICorrelationStore) e de um ponto de entrada para a retomada. gaps.external-event = bookmark-correlation.
* {{src/SefazSp.Epat.Application/Execution}} -- _scaffold_ -- O script do iProcess faz as duas coisas. O que calcula ou decide sobre o caso e regra de dominio e vai para Domain/Rules como funcao pura; o que mexe no envelope tecnico - STATUS_CODE, contadores de retentativa - fica em Application/Execution. A separacao ja esta feita em rule-catalogue.json, campo classification.eRegraDeNegocio.
* {{src/SefazSp.Epat.Application/Workflows}} -- _scaffold_ -- A condicao ja esta extraida do XPDL. O desvio e topologia, e topologia e dado - nao codigo espalhado.
* {{src/SefazSp.Epat.Domain/Abstractions}} -- _final_ -- O prazo e agendamento, logo topologia; mas depende de tempo, e tempo entra por IClock injectado. Nunca DateTime.Now - o teste de prazo precisa de relogio controlavel.
* {{src/SefazSp.Epat.Infrastructure/Integration.Doubles}} -- _scaffold_ -- A interface e transcricao do xpdExt:ProcessInterface. O destino resolve-se em execucao contra o registo validado no arranque; onde nao houver implementacao entregue, ha duble.

h3. Como se prova
Oraculo *scenario-path*, 1 caso(s), fixture {{artifacts/POC_Epat/scenarios/SC-DEAT0050-001.json}}.
{panel:bgColor=#fffae6}Os valores esperados sao do kit e sao imutaveis. Ligar o arnes a fixture; nunca escrever nem editar um valor esperado.{panel}
* Build limpo, sem avisos
* O percurso do passo 1 ao 6 do cenario SC-DEAT0050-001 corre de ponta a ponta

h3. Bloqueadores
* *external-event* (decided) -- 1 no(s) deste segmento, de 6 no pacote inteiro. Decisao ratificada em NOEQ-external-event.
* *iprocess-builtin* (decided) -- 1 no(s) deste segmento, de 17 no pacote inteiro. Decisao ratificada em NOEQ-iprocess-builtin.
* *expression-deadline* (decided) -- 1 no(s) deste segmento, de 4 no pacote inteiro. Decisao ratificada em NOEQ-expression-deadline.

h3. Rasto
Card {{BUILD-DEAT0050-seg008}} -- IR {{scenarios[SC-DEAT0050-001].segmentos[1]}} -- pacote {{POC_Epat}} -- manifesto {{e319db2a191633c242c3768767273b292a21aaeceae26ac0e73993f5b80a7b38}}
_Antes de implementar, reconferir o manifesto: se nao bater, o card tem de ser regerado e nao implementado._","bloq:expression-deadline bloq:external-event bloq:iprocess-builtin card:BUILD-DEAT0050-seg008 epat-migracao etapa:1 etapa:2 gerado-pelo-kit peso:atravessa-o-sistema SAIAPP tipo:build","EPIC-etapa-1","BUILD-DEAT0050-seg008"
"[BUILD-DEAT0050-seg009] Fechamento do AIIM + Notificação do AIIM: de 'INICALC' ate 'endEvent _lrer2FqhEfG5K7mY0I3I6w'","Story","*Construir o troco da jornada que vai de 'INICALC' a 'endEvent _lrer2FqhEfG5K7mY0I3I6w', reproduzindo o comportamento observado no legado.*

h3. Contexto
Troco de 5 passo(s) da jornada do caso, de 'INICALC' ate 'endEvent _lrer2FqhEfG5K7mY0I3I6w', no processo DEAT0050. O troco corre dentro de um processo chamado a partir de 'POC_EpatProcess/Aguardar evento de Notificacao do AIIM', e e dai que herda a etapa.

h3. Passos
# (receiveTask) INICALC
# (callActivity) CalculaPrazo
# (scriptTask) HoraFimSC
# (gateway) gateway _lrer_VqhEfG5K7mY0I3I6w -- decide: Ja se esperou pelo prazo em vigor?; 1 regra(s) de negocio neste passo: RI-transition-DEAT0050-gatewaylrerVqhEfG5K7mY0I3I6w
# (endEvent) endEvent _lrer2FqhEfG5K7mY0I3I6w

h3. Onde aterra
* {{src/SefazSp.Epat.Api/Endpoints}} -- _scaffold_ -- Evento externo precisa de chave de correlacao (ICorrelationStore) e de um ponto de entrada para a retomada. gaps.external-event = bookmark-correlation.
* {{src/SefazSp.Epat.Application/Abstractions/Processes}} -- _final_ -- A interface e transcricao do xpdExt:ProcessInterface. O destino resolve-se em execucao contra o registo validado no arranque; onde nao houver implementacao entregue, ha duble.
* {{src/SefazSp.Epat.Application/Abstractions/Runtime}} -- _final_ -- Evento externo precisa de chave de correlacao (ICorrelationStore) e de um ponto de entrada para a retomada. gaps.external-event = bookmark-correlation.
* {{src/SefazSp.Epat.Application/Execution}} -- _scaffold_ -- O script do iProcess faz as duas coisas. O que calcula ou decide sobre o caso e regra de dominio e vai para Domain/Rules como funcao pura; o que mexe no envelope tecnico - STATUS_CODE, contadores de retentativa - fica em Application/Execution. A separacao ja esta feita em rule-catalogue.json, campo classification.eRegraDeNegocio.
* {{src/SefazSp.Epat.Application/Workflows}} -- _scaffold_ -- A condicao ja esta extraida do XPDL. O desvio e topologia, e topologia e dado - nao codigo espalhado.
* {{src/SefazSp.Epat.Infrastructure/Integration.Doubles}} -- _scaffold_ -- A interface e transcricao do xpdExt:ProcessInterface. O destino resolve-se em execucao contra o registo validado no arranque; onde nao houver implementacao entregue, ha duble.

h3. Como se prova
Oraculo *scenario-path*, 1 caso(s), fixture {{artifacts/POC_Epat/scenarios/SC-DEAT0050-002.json}}.
{panel:bgColor=#fffae6}Os valores esperados sao do kit e sao imutaveis. Ligar o arnes a fixture; nunca escrever nem editar um valor esperado.{panel}
* Build limpo, sem avisos
* O percurso do passo 1 ao 5 do cenario SC-DEAT0050-002 corre de ponta a ponta

h3. Bloqueadores
* *external-event* (decided) -- 1 no(s) deste segmento, de 6 no pacote inteiro. Decisao ratificada em NOEQ-external-event.
* *iprocess-builtin* (decided) -- 1 no(s) deste segmento, de 17 no pacote inteiro. Decisao ratificada em NOEQ-iprocess-builtin.

h3. Rasto
Card {{BUILD-DEAT0050-seg009}} -- IR {{scenarios[SC-DEAT0050-002].segmentos[1]}} -- pacote {{POC_Epat}} -- manifesto {{e319db2a191633c242c3768767273b292a21aaeceae26ac0e73993f5b80a7b38}}
_Antes de implementar, reconferir o manifesto: se nao bater, o card tem de ser regerado e nao implementado._","bloq:external-event bloq:iprocess-builtin card:BUILD-DEAT0050-seg009 epat-migracao etapa:1 etapa:2 gerado-pelo-kit peso:atravessa-o-sistema SAIAPP tipo:build","EPIC-etapa-1","BUILD-DEAT0050-seg009"
"[BUILD-DEAT0050-seg012] Fechamento do AIIM + Notificação do AIIM: de 'Start Event' ate 'Controlar Data'","Story","*Construir o troco da jornada que vai de 'Start Event' a 'Controlar Data', reproduzindo o comportamento observado no legado.*

h3. Contexto
Troco de 6 passo(s) da jornada do caso, de 'Start Event' ate 'Controlar Data', no processo DEAT0050. O troco corre dentro de um processo chamado a partir de 'POC_EpatProcess/Aguardar evento de Notificacao do AIIM', e e dai que herda a etapa.

h3. Passos
# (startEvent) Start Event
# (callActivity) CalculaPrazo
# (scriptTask) HoraFimSC
# (gateway) gateway _lrer_VqhEfG5K7mY0I3I6w -- decide: Ja se esperou pelo prazo em vigor?; 1 regra(s) de negocio neste passo: RI-transition-DEAT0050-gatewaylrerVqhEfG5K7mY0I3I6w
# (timerEvent) Aguarda Defesa -- 1 regra(s) de negocio neste passo: RI-deadline-DEAT0050-AguardaDefesa
# (scriptTask) Controlar Data

h3. Onde aterra
* {{src/SefazSp.Epat.Application/Abstractions/Processes}} -- _final_ -- A interface e transcricao do xpdExt:ProcessInterface. O destino resolve-se em execucao contra o registo validado no arranque; onde nao houver implementacao entregue, ha duble.
* {{src/SefazSp.Epat.Application/Execution}} -- _scaffold_ -- O script do iProcess faz as duas coisas. O que calcula ou decide sobre o caso e regra de dominio e vai para Domain/Rules como funcao pura; o que mexe no envelope tecnico - STATUS_CODE, contadores de retentativa - fica em Application/Execution. A separacao ja esta feita em rule-catalogue.json, campo classification.eRegraDeNegocio.
* {{src/SefazSp.Epat.Application/Workflows}} -- _scaffold_ -- A condicao ja esta extraida do XPDL. O desvio e topologia, e topologia e dado - nao codigo espalhado.
* {{src/SefazSp.Epat.Domain/Abstractions}} -- _final_ -- O prazo e agendamento, logo topologia; mas depende de tempo, e tempo entra por IClock injectado. Nunca DateTime.Now - o teste de prazo precisa de relogio controlavel.
* {{src/SefazSp.Epat.Infrastructure/Integration.Doubles}} -- _scaffold_ -- A interface e transcricao do xpdExt:ProcessInterface. O destino resolve-se em execucao contra o registo validado no arranque; onde nao houver implementacao entregue, ha duble.

h3. Como se prova
Oraculo *scenario-path*, 1 caso(s), fixture {{artifacts/POC_Epat/scenarios/SC-DEAT0050-003.json}}.
{panel:bgColor=#fffae6}Os valores esperados sao do kit e sao imutaveis. Ligar o arnes a fixture; nunca escrever nem editar um valor esperado.{panel}
* Build limpo, sem avisos
* O percurso do passo 1 ao 6 do cenario SC-DEAT0050-003 corre de ponta a ponta

h3. Bloqueadores
* *iprocess-builtin* (decided) -- 1 no(s) deste segmento, de 17 no pacote inteiro. Decisao ratificada em NOEQ-iprocess-builtin.
* *expression-deadline* (decided) -- 1 no(s) deste segmento, de 4 no pacote inteiro. Decisao ratificada em NOEQ-expression-deadline.

h3. Rasto
Card {{BUILD-DEAT0050-seg012}} -- IR {{scenarios[SC-DEAT0050-003].segmentos[1]}} -- pacote {{POC_Epat}} -- manifesto {{e319db2a191633c242c3768767273b292a21aaeceae26ac0e73993f5b80a7b38}}
_Antes de implementar, reconferir o manifesto: se nao bater, o card tem de ser regerado e nao implementado._","bloq:expression-deadline bloq:iprocess-builtin card:BUILD-DEAT0050-seg012 epat-migracao etapa:1 etapa:2 gerado-pelo-kit peso:atravessa-o-sistema SAIAPP tipo:build","EPIC-etapa-1","BUILD-DEAT0050-seg012"
"[BUILD-DEAT0050-seg013] Fechamento do AIIM + Notificação do AIIM: de 'Start Event' ate 'endEvent _lrer2FqhEfG5K7mY0I3I6w'","Story","*Construir o troco da jornada que vai de 'Start Event' a 'endEvent _lrer2FqhEfG5K7mY0I3I6w', reproduzindo o comportamento observado no legado.*

h3. Contexto
Troco de 5 passo(s) da jornada do caso, de 'Start Event' ate 'endEvent _lrer2FqhEfG5K7mY0I3I6w', no processo DEAT0050. O troco corre dentro de um processo chamado a partir de 'POC_EpatProcess/Aguardar evento de Notificacao do AIIM', e e dai que herda a etapa.

h3. Passos
# (startEvent) Start Event
# (callActivity) CalculaPrazo
# (scriptTask) HoraFimSC
# (gateway) gateway _lrer_VqhEfG5K7mY0I3I6w -- decide: Ja se esperou pelo prazo em vigor?; 1 regra(s) de negocio neste passo: RI-transition-DEAT0050-gatewaylrerVqhEfG5K7mY0I3I6w
# (endEvent) endEvent _lrer2FqhEfG5K7mY0I3I6w

h3. Onde aterra
* {{src/SefazSp.Epat.Application/Abstractions/Processes}} -- _final_ -- A interface e transcricao do xpdExt:ProcessInterface. O destino resolve-se em execucao contra o registo validado no arranque; onde nao houver implementacao entregue, ha duble.
* {{src/SefazSp.Epat.Application/Execution}} -- _scaffold_ -- O script do iProcess faz as duas coisas. O que calcula ou decide sobre o caso e regra de dominio e vai para Domain/Rules como funcao pura; o que mexe no envelope tecnico - STATUS_CODE, contadores de retentativa - fica em Application/Execution. A separacao ja esta feita em rule-catalogue.json, campo classification.eRegraDeNegocio.
* {{src/SefazSp.Epat.Application/Workflows}} -- _scaffold_ -- A condicao ja esta extraida do XPDL. O desvio e topologia, e topologia e dado - nao codigo espalhado.
* {{src/SefazSp.Epat.Infrastructure/Integration.Doubles}} -- _scaffold_ -- A interface e transcricao do xpdExt:ProcessInterface. O destino resolve-se em execucao contra o registo validado no arranque; onde nao houver implementacao entregue, ha duble.

h3. Como se prova
Oraculo *scenario-path*, 1 caso(s), fixture {{artifacts/POC_Epat/scenarios/SC-DEAT0050-004.json}}.
{panel:bgColor=#fffae6}Os valores esperados sao do kit e sao imutaveis. Ligar o arnes a fixture; nunca escrever nem editar um valor esperado.{panel}
* Build limpo, sem avisos
* O percurso do passo 1 ao 5 do cenario SC-DEAT0050-004 corre de ponta a ponta

h3. Bloqueadores
* *iprocess-builtin* (decided) -- 1 no(s) deste segmento, de 17 no pacote inteiro. Decisao ratificada em NOEQ-iprocess-builtin.

h3. Rasto
Card {{BUILD-DEAT0050-seg013}} -- IR {{scenarios[SC-DEAT0050-004].segmentos[1]}} -- pacote {{POC_Epat}} -- manifesto {{e319db2a191633c242c3768767273b292a21aaeceae26ac0e73993f5b80a7b38}}
_Antes de implementar, reconferir o manifesto: se nao bater, o card tem de ser regerado e nao implementado._","bloq:iprocess-builtin card:BUILD-DEAT0050-seg013 epat-migracao etapa:1 etapa:2 gerado-pelo-kit peso:grande SAIAPP tipo:build","EPIC-etapa-1","BUILD-DEAT0050-seg013"
"[BUILD-POCEPATPROCESS-seg001] Fechamento do AIIM + Notificação do AIIM: de 'Aguardar evento de Notificacao do AIIM' ate 'Aguardar evento de Notificacao do AIIM'","Story","*Construir o troco da jornada que vai de 'Aguardar evento de Notificacao do AIIM' a 'Aguardar evento de Notificacao do AIIM', reproduzindo o comportamento observado no legado.*

h3. Contexto
Troco de 1 passo(s) da jornada do caso, de 'Aguardar evento de Notificacao do AIIM' ate 'Aguardar evento de Notificacao do AIIM', no processo POC_EpatProcess.

h3. Passos
# (callActivity) Aguardar evento de Notificacao do AIIM

h3. Onde aterra
* {{src/SefazSp.Epat.Application/Abstractions/Processes}} -- _final_ -- A interface e transcricao do xpdExt:ProcessInterface. O destino resolve-se em execucao contra o registo validado no arranque; onde nao houver implementacao entregue, ha duble.
* {{src/SefazSp.Epat.Infrastructure/Integration.Doubles}} -- _scaffold_ -- A interface e transcricao do xpdExt:ProcessInterface. O destino resolve-se em execucao contra o registo validado no arranque; onde nao houver implementacao entregue, ha duble.

h3. Como se prova
Oraculo *scenario-path*, 39 caso(s), fixture {{artifacts/POC_Epat/scenarios/SC-POC_EpatProcess-001.json}}.
{panel:bgColor=#fffae6}Os valores esperados sao do kit e sao imutaveis. Ligar o arnes a fixture; nunca escrever nem editar um valor esperado.{panel}
* Build limpo, sem avisos
* O percurso do passo 13 ao 13 do cenario SC-POC_EpatProcess-001 corre de ponta a ponta

h3. Bloqueadores
* *dynamic-subprocess* (decided) -- 1 no(s) deste segmento, de 3 no pacote inteiro. Decisao ratificada em NOEQ-dynamic-subprocess.

h3. Rasto
Card {{BUILD-POCEPATPROCESS-seg001}} -- IR {{scenarios[SC-POC_EpatProcess-001].segmentos[5]}} -- pacote {{POC_Epat}} -- manifesto {{e319db2a191633c242c3768767273b292a21aaeceae26ac0e73993f5b80a7b38}}
_Antes de implementar, reconferir o manifesto: se nao bater, o card tem de ser regerado e nao implementado._","bloq:dynamic-subprocess card:BUILD-POCEPATPROCESS-seg001 epat-migracao etapa:1 etapa:2 gerado-pelo-kit peso:grande SAIAPP tipo:build","EPIC-etapa-1","BUILD-POCEPATPROCESS-seg001"
"[BUILD-POCEPATPROCESS-seg006] Fechamento do AIIM + Notificação do AIIM: de 'Finalizar AIIM' ate 'gateway _Faq_RFqTEfG5K7mY0I3I6w'","Story","*Construir o troco da jornada que vai de 'Finalizar AIIM' a 'gateway _Faq_RFqTEfG5K7mY0I3I6w', reproduzindo o comportamento observado no legado.*

h3. Contexto
Troco de 2 passo(s) da jornada do caso, de 'Finalizar AIIM' ate 'gateway _Faq_RFqTEfG5K7mY0I3I6w', no processo POC_EpatProcess.

h3. Passos
# (userTask) Finalizar AIIM -- 1 regra(s) de negocio neste passo: RI-formScript-POC_EpatProcess-FinalizarAIIM
# (gateway) gateway _Faq_RFqTEfG5K7mY0I3I6w

h3. Onde aterra
* {{src/SefazSp.Epat.Application/UseCases}} -- _scaffold_ -- Tarefa humana e um caso de uso. As regras do code-behind das telas aterram aqui porque decidem o desfecho do processo, nao a apresentacao.
* {{src/SefazSp.Epat.Application/Workflows}} -- _scaffold_ -- A condicao ja esta extraida do XPDL. O desvio e topologia, e topologia e dado - nao codigo espalhado.

h3. Como se prova
Oraculo *scenario-path*, 28 caso(s), fixture {{artifacts/POC_Epat/scenarios/SC-POC_EpatProcess-001.json}}.
{panel:bgColor=#fffae6}Os valores esperados sao do kit e sao imutaveis. Ligar o arnes a fixture; nunca escrever nem editar um valor esperado.{panel}
* Build limpo, sem avisos
* O percurso do passo 7 ao 8 do cenario SC-POC_EpatProcess-001 corre de ponta a ponta

h3. Rasto
Card {{BUILD-POCEPATPROCESS-seg006}} -- IR {{scenarios[SC-POC_EpatProcess-001].segmentos[3]}} -- pacote {{POC_Epat}} -- manifesto {{e319db2a191633c242c3768767273b292a21aaeceae26ac0e73993f5b80a7b38}}
_Antes de implementar, reconferir o manifesto: se nao bater, o card tem de ser regerado e nao implementado._","card:BUILD-POCEPATPROCESS-seg006 epat-migracao etapa:1 etapa:2 gerado-pelo-kit peso:medio SAIAPP tipo:build","EPIC-etapa-1","BUILD-POCEPATPROCESS-seg006"
"[BUILD-POCEPATPROCESS-seg007] Fechamento do AIIM + Notificação do AIIM: de 'Finalizar AIIM' ate 'Set Nome Etapa 2'","Story","*Construir o troco da jornada que vai de 'Finalizar AIIM' a 'Set Nome Etapa 2', reproduzindo o comportamento observado no legado.*

h3. Contexto
Troco de 3 passo(s) da jornada do caso, de 'Finalizar AIIM' ate 'Set Nome Etapa 2', no processo POC_EpatProcess.

h3. Passos
# (userTask) Finalizar AIIM -- 1 regra(s) de negocio neste passo: RI-formScript-POC_EpatProcess-FinalizarAIIM
# (gateway) gateway _Faq_RFqTEfG5K7mY0I3I6w
# (scriptTask) Set Nome Etapa 2

h3. Onde aterra
* {{src/SefazSp.Epat.Application/Execution}} -- _scaffold_ -- O script do iProcess faz as duas coisas. O que calcula ou decide sobre o caso e regra de dominio e vai para Domain/Rules como funcao pura; o que mexe no envelope tecnico - STATUS_CODE, contadores de retentativa - fica em Application/Execution. A separacao ja esta feita em rule-catalogue.json, campo classification.eRegraDeNegocio.
* {{src/SefazSp.Epat.Application/UseCases}} -- _scaffold_ -- Tarefa humana e um caso de uso. As regras do code-behind das telas aterram aqui porque decidem o desfecho do processo, nao a apresentacao.
* {{src/SefazSp.Epat.Application/Workflows}} -- _scaffold_ -- A condicao ja esta extraida do XPDL. O desvio e topologia, e topologia e dado - nao codigo espalhado.

h3. Como se prova
Oraculo *scenario-path*, 4 caso(s), fixture {{artifacts/POC_Epat/scenarios/SC-POC_EpatProcess-032.json}}.
{panel:bgColor=#fffae6}Os valores esperados sao do kit e sao imutaveis. Ligar o arnes a fixture; nunca escrever nem editar um valor esperado.{panel}
* Build limpo, sem avisos
* O percurso do passo 2 ao 4 do cenario SC-POC_EpatProcess-032 corre de ponta a ponta

h3. Bloqueadores
* *iprocess-builtin* (decided) -- 1 no(s) deste segmento, de 17 no pacote inteiro. Decisao ratificada em NOEQ-iprocess-builtin.

h3. Rasto
Card {{BUILD-POCEPATPROCESS-seg007}} -- IR {{scenarios[SC-POC_EpatProcess-032].segmentos[1]}} -- pacote {{POC_Epat}} -- manifesto {{e319db2a191633c242c3768767273b292a21aaeceae26ac0e73993f5b80a7b38}}
_Antes de implementar, reconferir o manifesto: se nao bater, o card tem de ser regerado e nao implementado._","bloq:iprocess-builtin card:BUILD-POCEPATPROCESS-seg007 epat-migracao etapa:1 etapa:2 gerado-pelo-kit peso:grande SAIAPP tipo:build","EPIC-etapa-1","BUILD-POCEPATPROCESS-seg007"
"[BUILD-POCEPATPROCESS-seg010] Fechamento do AIIM + Notificação do AIIM: de 'Início' ate 'Início'","Story","*Construir o troco da jornada que vai de 'Início' a 'Início', reproduzindo o comportamento observado no legado.*

h3. Contexto
Troco de 1 passo(s) da jornada do caso, de 'Início' ate 'Início', no processo POC_EpatProcess.

h3. Passos
# (startEvent) Início

h3. Onde aterra
* {{src/SefazSp.Epat.Application/Workflows}} -- _final_ -- Ciclo de vida da instancia. Transcricao: nao ha corpo a escrever.

h3. Como se prova
Oraculo *scenario-path*, 18 caso(s), fixture {{artifacts/POC_Epat/scenarios/SC-POC_EpatProcess-018.json}}.
{panel:bgColor=#fffae6}Os valores esperados sao do kit e sao imutaveis. Ligar o arnes a fixture; nunca escrever nem editar um valor esperado.{panel}
* Build limpo, sem avisos
* O percurso do passo 1 ao 1 do cenario SC-POC_EpatProcess-018 corre de ponta a ponta

h3. Rasto
Card {{BUILD-POCEPATPROCESS-seg010}} -- IR {{scenarios[SC-POC_EpatProcess-018].segmentos[0]}} -- pacote {{POC_Epat}} -- manifesto {{e319db2a191633c242c3768767273b292a21aaeceae26ac0e73993f5b80a7b38}}
_Antes de implementar, reconferir o manifesto: se nao bater, o card tem de ser regerado e nao implementado._","card:BUILD-POCEPATPROCESS-seg010 epat-migracao etapa:1 etapa:2 gerado-pelo-kit peso:pequeno SAIAPP tipo:build","EPIC-etapa-1","BUILD-POCEPATPROCESS-seg010"
"[BUILD-POCEPATPROCESS-seg014] Fechamento do AIIM: de 'Corrigir Fechamento' ate 'Corrigir Fechamento'","Story","*Construir o troco da jornada que vai de 'Corrigir Fechamento' a 'Corrigir Fechamento', reproduzindo o comportamento observado no legado.*

h3. Contexto
Troco de 2 passo(s) da jornada do caso, de 'Corrigir Fechamento' ate 'Corrigir Fechamento', no processo POC_EpatProcess. ATENCAO: 1 passo(s) sao alcancados por ligacao que NAO existe como transicao no XPDL (link) e tem de ser escrita explicitamente no fluxo .NET.

h3. Passos
# (linkThrow) Corrigir Fechamento
# (linkCatch) Corrigir Fechamento -- entra por *link* - nao existe como transicao no XPDL

h3. Onde aterra
* {{src/SefazSp.Epat.Application/Workflows}} -- _scaffold_ -- GOTO implicito. Decidido flatten-edge: vira aresta explicita, porque manter como sinal introduziria pontos de espera que o TIBCO nao tem.

h3. Como se prova
Oraculo *scenario-path*, 15 caso(s), fixture {{artifacts/POC_Epat/scenarios/SC-POC_EpatProcess-001.json}}.
{panel:bgColor=#fffae6}Os valores esperados sao do kit e sao imutaveis. Ligar o arnes a fixture; nunca escrever nem editar um valor esperado.{panel}
* Build limpo, sem avisos
* O percurso do passo 5 ao 6 do cenario SC-POC_EpatProcess-001 corre de ponta a ponta

h3. Bloqueadores
* *link-goto* (decided) -- 2 no(s) deste segmento, de 20 no pacote inteiro. Decisao ratificada em NOEQ-link-goto.

h3. Rasto
Card {{BUILD-POCEPATPROCESS-seg014}} -- IR {{scenarios[SC-POC_EpatProcess-001].segmentos[2]}} -- pacote {{POC_Epat}} -- manifesto {{e319db2a191633c242c3768767273b292a21aaeceae26ac0e73993f5b80a7b38}}
_Antes de implementar, reconferir o manifesto: se nao bater, o card tem de ser regerado e nao implementado._","bloq:link-goto card:BUILD-POCEPATPROCESS-seg014 epat-migracao etapa:1 gerado-pelo-kit peso:pequeno SAIAPP tipo:build","EPIC-etapa-1","BUILD-POCEPATPROCESS-seg014"
"[BUILD-POCEPATPROCESS-seg015] Aviso por e-mail ao controlo de qualidade do fechamento","Story","*Construir o troco da jornada que vai de 'Email CQ Fechamento' a 'Email CQ Fechamento', reproduzindo o comportamento observado no legado.*

h3. Contexto
Troco de 1 passo(s) da jornada do caso, de 'Email CQ Fechamento' ate 'Email CQ Fechamento', no processo POC_EpatProcess.

h3. Hipoteses a confirmar
_Parecer de analise, nao facto. Confirmar antes de assumir._
* Os destinatarios saem do script para configuracao por ambiente: o proprio autor ja tentou fazer isso a mao, com um 'if (SW_HOSTNAME == prod1)'.

h3. Passos
# (emailTask) Email CQ Fechamento

h3. Onde aterra
* {{src/SefazSp.Epat.Application/Abstractions/Services}} -- _final_ -- Envio de e-mail e integracao externa como outra qualquer. Os destinatarios saem do script para configuracao por ambiente, decidido em rulings.HARDCODED-VALUES.
* {{src/SefazSp.Epat.Infrastructure/Integration.Soap}} -- _scaffold_ -- Envio de e-mail e integracao externa como outra qualquer. Os destinatarios saem do script para configuracao por ambiente, decidido em rulings.HARDCODED-VALUES.

h3. Como se prova
Oraculo *scenario-path*, 2 caso(s), fixture {{artifacts/POC_Epat/scenarios/SC-POC_EpatProcess-017.json}}.
{panel:bgColor=#fffae6}Os valores esperados sao do kit e sao imutaveis. Ligar o arnes a fixture; nunca escrever nem editar um valor esperado.{panel}
* Build limpo, sem avisos
* O percurso do passo 5 ao 5 do cenario SC-POC_EpatProcess-017 corre de ponta a ponta

h3. Rasto
Card {{BUILD-POCEPATPROCESS-seg015}} -- IR {{scenarios[SC-POC_EpatProcess-017].segmentos[2]}} -- pacote {{POC_Epat}} -- manifesto {{e319db2a191633c242c3768767273b292a21aaeceae26ac0e73993f5b80a7b38}}
_Antes de implementar, reconferir o manifesto: se nao bater, o card tem de ser regerado e nao implementado._","card:BUILD-POCEPATPROCESS-seg015 epat-migracao etapa:1 gerado-pelo-kit peso:grande SAIAPP tipo:build","EPIC-etapa-1","BUILD-POCEPATPROCESS-seg015"
"[BUILD-POCEPATPROCESS-seg020] Notificação do AIIM: de 'Existe Notificação?' ate 'Existe Notificação?'","Story","*Construir o troco da jornada que vai de 'Existe Notificação?' a 'Existe Notificação?', reproduzindo o comportamento observado no legado.*

h3. Contexto
Troco de 1 passo(s) da jornada do caso, de 'Existe Notificação?' ate 'Existe Notificação?', no processo POC_EpatProcess.

h3. Passos
# (gateway) Existe Notificação? -- 1 regra(s) de negocio neste passo: RI-transition-POC_EpatProcess-ExisteNotificao

h3. Onde aterra
* {{src/SefazSp.Epat.Application/Workflows}} -- _scaffold_ -- A condicao ja esta extraida do XPDL. O desvio e topologia, e topologia e dado - nao codigo espalhado.

h3. Como se prova
Oraculo *scenario-path*, 2 caso(s), fixture {{artifacts/POC_Epat/scenarios/SC-POC_EpatProcess-014.json}}.
{panel:bgColor=#fffae6}Os valores esperados sao do kit e sao imutaveis. Ligar o arnes a fixture; nunca escrever nem editar um valor esperado.{panel}
* Build limpo, sem avisos
* O percurso do passo 9 ao 9 do cenario SC-POC_EpatProcess-014 corre de ponta a ponta

h3. Rasto
Card {{BUILD-POCEPATPROCESS-seg020}} -- IR {{scenarios[SC-POC_EpatProcess-014].segmentos[4]}} -- pacote {{POC_Epat}} -- manifesto {{e319db2a191633c242c3768767273b292a21aaeceae26ac0e73993f5b80a7b38}}
_Antes de implementar, reconferir o manifesto: se nao bater, o card tem de ser regerado e nao implementado._","card:BUILD-POCEPATPROCESS-seg020 epat-migracao etapa:2 gerado-pelo-kit peso:pequeno SAIAPP tipo:build","EPIC-etapa-2","BUILD-POCEPATPROCESS-seg020"
"[BUILD-POCEPATPROCESS-seg021] Notificação do AIIM: de 'Existe Notificação?' ate 'Flag Retirati True GS'","Story","*Construir o troco da jornada que vai de 'Existe Notificação?' a 'Flag Retirati True GS', reproduzindo o comportamento observado no legado.*

h3. Contexto
Troco de 4 passo(s) da jornada do caso, de 'Existe Notificação?' ate 'Flag Retirati True GS', no processo POC_EpatProcess. ATENCAO: 1 passo(s) sao alcancados por ligacao que NAO existe como transicao no XPDL (link) e tem de ser escrita explicitamente no fluxo .NET.

h3. Passos
# (gateway) Existe Notificação? -- 1 regra(s) de negocio neste passo: RI-transition-POC_EpatProcess-ExisteNotificao
# (linkThrow) Inicia Graft Step
# (linkCatch) Inicia Graft Step -- entra por *link* - nao existe como transicao no XPDL
# (scriptTask) Flag Retirati True GS

h3. Onde aterra
* {{src/SefazSp.Epat.Application/Execution}} -- _scaffold_ -- O script do iProcess faz as duas coisas. O que calcula ou decide sobre o caso e regra de dominio e vai para Domain/Rules como funcao pura; o que mexe no envelope tecnico - STATUS_CODE, contadores de retentativa - fica em Application/Execution. A separacao ja esta feita em rule-catalogue.json, campo classification.eRegraDeNegocio.
* {{src/SefazSp.Epat.Application/Workflows}} -- _scaffold_ -- A condicao ja esta extraida do XPDL. O desvio e topologia, e topologia e dado - nao codigo espalhado.

h3. Como se prova
Oraculo *scenario-path*, 26 caso(s), fixture {{artifacts/POC_Epat/scenarios/SC-POC_EpatProcess-001.json}}.
{panel:bgColor=#fffae6}Os valores esperados sao do kit e sao imutaveis. Ligar o arnes a fixture; nunca escrever nem editar um valor esperado.{panel}
* Build limpo, sem avisos
* O percurso do passo 9 ao 12 do cenario SC-POC_EpatProcess-001 corre de ponta a ponta

h3. Bloqueadores
* *graft-step* (decided) -- 2 no(s) deste segmento, de 3 no pacote inteiro. Decisao ratificada em NOEQ-graft-step.
* *link-goto* (decided) -- 2 no(s) deste segmento, de 20 no pacote inteiro. Decisao ratificada em NOEQ-link-goto.

h3. Rasto
Card {{BUILD-POCEPATPROCESS-seg021}} -- IR {{scenarios[SC-POC_EpatProcess-001].segmentos[4]}} -- pacote {{POC_Epat}} -- manifesto {{e319db2a191633c242c3768767273b292a21aaeceae26ac0e73993f5b80a7b38}}
_Antes de implementar, reconferir o manifesto: se nao bater, o card tem de ser regerado e nao implementado._","bloq:graft-step bloq:link-goto card:BUILD-POCEPATPROCESS-seg021 epat-migracao etapa:2 gerado-pelo-kit peso:medio SAIAPP tipo:build","EPIC-etapa-2","BUILD-POCEPATPROCESS-seg021"
"[BUILD-POCEPATPROCESS-seg022] Notificação do AIIM: de 'Iniciar Aguardar Notificacao' ate 'Flag Retirati True GS'","Story","*Construir o troco da jornada que vai de 'Iniciar Aguardar Notificacao' a 'Flag Retirati True GS', reproduzindo o comportamento observado no legado.*

h3. Contexto
Troco de 2 passo(s) da jornada do caso, de 'Iniciar Aguardar Notificacao' ate 'Flag Retirati True GS', no processo POC_EpatProcess.

h3. Passos
# (receiveTask) Iniciar Aguardar Notificacao
# (scriptTask) Flag Retirati True GS

h3. Onde aterra
* {{src/SefazSp.Epat.Api/Endpoints}} -- _scaffold_ -- Evento externo precisa de chave de correlacao (ICorrelationStore) e de um ponto de entrada para a retomada. gaps.external-event = bookmark-correlation.
* {{src/SefazSp.Epat.Application/Abstractions/Runtime}} -- _final_ -- Evento externo precisa de chave de correlacao (ICorrelationStore) e de um ponto de entrada para a retomada. gaps.external-event = bookmark-correlation.
* {{src/SefazSp.Epat.Application/Execution}} -- _scaffold_ -- O script do iProcess faz as duas coisas. O que calcula ou decide sobre o caso e regra de dominio e vai para Domain/Rules como funcao pura; o que mexe no envelope tecnico - STATUS_CODE, contadores de retentativa - fica em Application/Execution. A separacao ja esta feita em rule-catalogue.json, campo classification.eRegraDeNegocio.

h3. Como se prova
Oraculo *scenario-path*, 13 caso(s), fixture {{artifacts/POC_Epat/scenarios/SC-POC_EpatProcess-036.json}}.
{panel:bgColor=#fffae6}Os valores esperados sao do kit e sao imutaveis. Ligar o arnes a fixture; nunca escrever nem editar um valor esperado.{panel}
* Build limpo, sem avisos
* O percurso do passo 1 ao 2 do cenario SC-POC_EpatProcess-036 corre de ponta a ponta

h3. Bloqueadores
* *external-event* (decided) -- 1 no(s) deste segmento, de 6 no pacote inteiro. Decisao ratificada em NOEQ-external-event.

h3. Rasto
Card {{BUILD-POCEPATPROCESS-seg022}} -- IR {{scenarios[SC-POC_EpatProcess-036].segmentos[1]}} -- pacote {{POC_Epat}} -- manifesto {{e319db2a191633c242c3768767273b292a21aaeceae26ac0e73993f5b80a7b38}}
_Antes de implementar, reconferir o manifesto: se nao bater, o card tem de ser regerado e nao implementado._","bloq:external-event card:BUILD-POCEPATPROCESS-seg022 epat-migracao etapa:2 gerado-pelo-kit peso:grande SAIAPP tipo:build","EPIC-etapa-2","BUILD-POCEPATPROCESS-seg022"
"[BUILD-POCEPATPROCESS-seg023] Notificação do AIIM: de 'Iniciar Novo Graft' ate 'Set Nome Etapa 2'","Story","*Construir o troco da jornada que vai de 'Iniciar Novo Graft' a 'Set Nome Etapa 2', reproduzindo o comportamento observado no legado.*

h3. Contexto
Troco de 2 passo(s) da jornada do caso, de 'Iniciar Novo Graft' ate 'Set Nome Etapa 2', no processo POC_EpatProcess.

h3. Passos
# (receiveTask) Iniciar Novo Graft
# (scriptTask) Set Nome Etapa 2

h3. Onde aterra
* {{src/SefazSp.Epat.Api/Endpoints}} -- _scaffold_ -- Evento externo precisa de chave de correlacao (ICorrelationStore) e de um ponto de entrada para a retomada. gaps.external-event = bookmark-correlation.
* {{src/SefazSp.Epat.Application/Abstractions/Runtime}} -- _final_ -- Evento externo precisa de chave de correlacao (ICorrelationStore) e de um ponto de entrada para a retomada. gaps.external-event = bookmark-correlation.
* {{src/SefazSp.Epat.Application/Execution}} -- _scaffold_ -- O script do iProcess faz as duas coisas. O que calcula ou decide sobre o caso e regra de dominio e vai para Domain/Rules como funcao pura; o que mexe no envelope tecnico - STATUS_CODE, contadores de retentativa - fica em Application/Execution. A separacao ja esta feita em rule-catalogue.json, campo classification.eRegraDeNegocio.

h3. Como se prova
Oraculo *scenario-path*, 17 caso(s), fixture {{artifacts/POC_Epat/scenarios/SC-POC_EpatProcess-001.json}}.
{panel:bgColor=#fffae6}Os valores esperados sao do kit e sao imutaveis. Ligar o arnes a fixture; nunca escrever nem editar um valor esperado.{panel}
* Build limpo, sem avisos
* O percurso do passo 1 ao 2 do cenario SC-POC_EpatProcess-001 corre de ponta a ponta

h3. Bloqueadores
* *graft-step* (decided) -- 1 no(s) deste segmento, de 3 no pacote inteiro. Decisao ratificada em NOEQ-graft-step.
* *external-event* (decided) -- 1 no(s) deste segmento, de 6 no pacote inteiro. Decisao ratificada em NOEQ-external-event.
* *iprocess-builtin* (decided) -- 1 no(s) deste segmento, de 17 no pacote inteiro. Decisao ratificada em NOEQ-iprocess-builtin.

h3. Rasto
Card {{BUILD-POCEPATPROCESS-seg023}} -- IR {{scenarios[SC-POC_EpatProcess-001].segmentos[0]}} -- pacote {{POC_Epat}} -- manifesto {{e319db2a191633c242c3768767273b292a21aaeceae26ac0e73993f5b80a7b38}}
_Antes de implementar, reconferir o manifesto: se nao bater, o card tem de ser regerado e nao implementado._","bloq:external-event bloq:graft-step bloq:iprocess-builtin card:BUILD-POCEPATPROCESS-seg023 epat-migracao etapa:2 gerado-pelo-kit peso:grande SAIAPP tipo:build","EPIC-etapa-2","BUILD-POCEPATPROCESS-seg023"
"[BUILD-POCEPATPROCESS-seg024] Notificação do AIIM: de 'Preparar Notificacao' ate 'Corrigir?'","Story","*Construir o troco da jornada que vai de 'Preparar Notificacao' a 'Corrigir?', reproduzindo o comportamento observado no legado.*

h3. Contexto
Troco de 2 passo(s) da jornada do caso, de 'Preparar Notificacao' ate 'Corrigir?', no processo POC_EpatProcess.

h3. Passos
# (userTask) Preparar Notificacao
# (gateway) Corrigir? -- 1 regra(s) de negocio neste passo: RI-transition-POC_EpatProcess-Corrigir

h3. Onde aterra
* {{src/SefazSp.Epat.Application/UseCases}} -- _scaffold_ -- Tarefa humana e um caso de uso. As regras do code-behind das telas aterram aqui porque decidem o desfecho do processo, nao a apresentacao.
* {{src/SefazSp.Epat.Application/Workflows}} -- _scaffold_ -- A condicao ja esta extraida do XPDL. O desvio e topologia, e topologia e dado - nao codigo espalhado.

h3. Como se prova
Oraculo *scenario-path*, 15 caso(s), fixture {{artifacts/POC_Epat/scenarios/SC-POC_EpatProcess-001.json}}.
{panel:bgColor=#fffae6}Os valores esperados sao do kit e sao imutaveis. Ligar o arnes a fixture; nunca escrever nem editar um valor esperado.{panel}
* Build limpo, sem avisos
* O percurso do passo 3 ao 4 do cenario SC-POC_EpatProcess-001 corre de ponta a ponta

h3. Rasto
Card {{BUILD-POCEPATPROCESS-seg024}} -- IR {{scenarios[SC-POC_EpatProcess-001].segmentos[1]}} -- pacote {{POC_Epat}} -- manifesto {{e319db2a191633c242c3768767273b292a21aaeceae26ac0e73993f5b80a7b38}}
_Antes de implementar, reconferir o manifesto: se nao bater, o card tem de ser regerado e nao implementado._","card:BUILD-POCEPATPROCESS-seg024 epat-migracao etapa:2 gerado-pelo-kit peso:medio SAIAPP tipo:build","EPIC-etapa-2","BUILD-POCEPATPROCESS-seg024"
"[BUILD-POCEPATPROCESS-seg025] Notificação do AIIM: de 'Preparar Notificacao' ate 'Criar Notificacao'","Story","*Construir o troco da jornada que vai de 'Preparar Notificacao' a 'Criar Notificacao', reproduzindo o comportamento observado no legado.*

h3. Contexto
Troco de 3 passo(s) da jornada do caso, de 'Preparar Notificacao' ate 'Criar Notificacao', no processo POC_EpatProcess.

h3. Passos
# (userTask) Preparar Notificacao
# (gateway) Corrigir? -- 1 regra(s) de negocio neste passo: RI-transition-POC_EpatProcess-Corrigir
# (callActivity) Criar Notificacao

h3. Onde aterra
* {{src/SefazSp.Epat.Application/Abstractions/Processes}} -- _final_ -- A interface e transcricao do xpdExt:ProcessInterface. O destino resolve-se em execucao contra o registo validado no arranque; onde nao houver implementacao entregue, ha duble.
* {{src/SefazSp.Epat.Application/UseCases}} -- _scaffold_ -- Tarefa humana e um caso de uso. As regras do code-behind das telas aterram aqui porque decidem o desfecho do processo, nao a apresentacao.
* {{src/SefazSp.Epat.Application/Workflows}} -- _scaffold_ -- A condicao ja esta extraida do XPDL. O desvio e topologia, e topologia e dado - nao codigo espalhado.
* {{src/SefazSp.Epat.Infrastructure/Integration.Doubles}} -- _scaffold_ -- A interface e transcricao do xpdExt:ProcessInterface. O destino resolve-se em execucao contra o registo validado no arranque; onde nao houver implementacao entregue, ha duble.

h3. Como se prova
Oraculo *scenario-path*, 2 caso(s), fixture {{artifacts/POC_Epat/scenarios/SC-POC_EpatProcess-015.json}}.
{panel:bgColor=#fffae6}Os valores esperados sao do kit e sao imutaveis. Ligar o arnes a fixture; nunca escrever nem editar um valor esperado.{panel}
* Build limpo, sem avisos
* O percurso do passo 3 ao 5 do cenario SC-POC_EpatProcess-015 corre de ponta a ponta

h3. Rasto
Card {{BUILD-POCEPATPROCESS-seg025}} -- IR {{scenarios[SC-POC_EpatProcess-015].segmentos[1]}} -- pacote {{POC_Epat}} -- manifesto {{e319db2a191633c242c3768767273b292a21aaeceae26ac0e73993f5b80a7b38}}
_Antes de implementar, reconferir o manifesto: se nao bater, o card tem de ser regerado e nao implementado._","card:BUILD-POCEPATPROCESS-seg025 epat-migracao etapa:2 gerado-pelo-kit peso:grande SAIAPP tipo:build","EPIC-etapa-2","BUILD-POCEPATPROCESS-seg025"
"[BUILD-POCEPATPROCESS-seg026] Notificação do AIIM: de 'Preparar Notificacao' ate 'Encerra e retira'","Story","*Construir o troco da jornada que vai de 'Preparar Notificacao' a 'Encerra e retira', reproduzindo o comportamento observado no legado.*

h3. Contexto
Troco de 2 passo(s) da jornada do caso, de 'Preparar Notificacao' ate 'Encerra e retira', no processo POC_EpatProcess. ATENCAO: 1 passo(s) sao alcancados por ligacao que NAO existe como transicao no XPDL (fronteira) e tem de ser escrita explicitamente no fluxo .NET.

h3. Passos
# (userTask) Preparar Notificacao
# (timerEvent) Encerra e retira -- entra por *fronteira* - nao existe como transicao no XPDL; 1 regra(s) de negocio neste passo: RI-deadline-POC_EpatProcess-Encerraeretira

h3. Onde aterra
* {{src/SefazSp.Epat.Application/UseCases}} -- _scaffold_ -- Tarefa humana e um caso de uso. As regras do code-behind das telas aterram aqui porque decidem o desfecho do processo, nao a apresentacao.
* {{src/SefazSp.Epat.Application/Workflows}} -- _scaffold_ -- O prazo e agendamento, logo topologia; mas depende de tempo, e tempo entra por IClock injectado. Nunca DateTime.Now - o teste de prazo precisa de relogio controlavel.
* {{src/SefazSp.Epat.Domain/Abstractions}} -- _final_ -- O prazo e agendamento, logo topologia; mas depende de tempo, e tempo entra por IClock injectado. Nunca DateTime.Now - o teste de prazo precisa de relogio controlavel.

h3. Como se prova
Oraculo *scenario-path*, 2 caso(s), fixture {{artifacts/POC_Epat/scenarios/SC-POC_EpatProcess-016.json}}.
{panel:bgColor=#fffae6}Os valores esperados sao do kit e sao imutaveis. Ligar o arnes a fixture; nunca escrever nem editar um valor esperado.{panel}
* Build limpo, sem avisos
* O percurso do passo 3 ao 4 do cenario SC-POC_EpatProcess-016 corre de ponta a ponta

h3. Rasto
Card {{BUILD-POCEPATPROCESS-seg026}} -- IR {{scenarios[SC-POC_EpatProcess-016].segmentos[1]}} -- pacote {{POC_Epat}} -- manifesto {{e319db2a191633c242c3768767273b292a21aaeceae26ac0e73993f5b80a7b38}}
_Antes de implementar, reconferir o manifesto: se nao bater, o card tem de ser regerado e nao implementado._","card:BUILD-POCEPATPROCESS-seg026 epat-migracao etapa:2 gerado-pelo-kit peso:grande SAIAPP tipo:build","EPIC-etapa-2","BUILD-POCEPATPROCESS-seg026"
"[BUILD-POCEPATPROCESS-seg027] Notificação do AIIM: de 'Preparar Notificacao' ate 'Fim de Prazo Mantendo Atividade'","Story","*Construir o troco da jornada que vai de 'Preparar Notificacao' a 'Fim de Prazo Mantendo Atividade', reproduzindo o comportamento observado no legado.*

h3. Contexto
Troco de 2 passo(s) da jornada do caso, de 'Preparar Notificacao' ate 'Fim de Prazo Mantendo Atividade', no processo POC_EpatProcess. ATENCAO: 1 passo(s) sao alcancados por ligacao que NAO existe como transicao no XPDL (fronteira-paralela) e tem de ser escrita explicitamente no fluxo .NET.

h3. Passos
# (userTask) Preparar Notificacao
# (timerEvent) Fim de Prazo Mantendo Atividade -- entra por *fronteira-paralela* - nao existe como transicao no XPDL; 1 regra(s) de negocio neste passo: RI-deadline-POC_EpatProcess-FimdePrazoMantendoAtividade

h3. Onde aterra
* {{src/SefazSp.Epat.Application/UseCases}} -- _scaffold_ -- Tarefa humana e um caso de uso. As regras do code-behind das telas aterram aqui porque decidem o desfecho do processo, nao a apresentacao.
* {{src/SefazSp.Epat.Application/Workflows}} -- _scaffold_ -- O prazo e agendamento, logo topologia; mas depende de tempo, e tempo entra por IClock injectado. Nunca DateTime.Now - o teste de prazo precisa de relogio controlavel.
* {{src/SefazSp.Epat.Domain/Abstractions}} -- _final_ -- O prazo e agendamento, logo topologia; mas depende de tempo, e tempo entra por IClock injectado. Nunca DateTime.Now - o teste de prazo precisa de relogio controlavel.

h3. Como se prova
Oraculo *scenario-path*, 2 caso(s), fixture {{artifacts/POC_Epat/scenarios/SC-POC_EpatProcess-017.json}}.
{panel:bgColor=#fffae6}Os valores esperados sao do kit e sao imutaveis. Ligar o arnes a fixture; nunca escrever nem editar um valor esperado.{panel}
* Build limpo, sem avisos
* O percurso do passo 3 ao 4 do cenario SC-POC_EpatProcess-017 corre de ponta a ponta

h3. Bloqueadores
* *expression-deadline* (decided) -- 1 no(s) deste segmento, de 4 no pacote inteiro. Decisao ratificada em NOEQ-expression-deadline.
* *non-interrupting-boundary* (decided) -- 1 no(s) deste segmento, de 1 no pacote inteiro. Decisao ratificada em NOEQ-non-interrupting-boundary.

h3. Rasto
Card {{BUILD-POCEPATPROCESS-seg027}} -- IR {{scenarios[SC-POC_EpatProcess-017].segmentos[1]}} -- pacote {{POC_Epat}} -- manifesto {{e319db2a191633c242c3768767273b292a21aaeceae26ac0e73993f5b80a7b38}}
_Antes de implementar, reconferir o manifesto: se nao bater, o card tem de ser regerado e nao implementado._","bloq:expression-deadline bloq:non-interrupting-boundary card:BUILD-POCEPATPROCESS-seg027 epat-migracao etapa:2 gerado-pelo-kit peso:grande SAIAPP tipo:build","EPIC-etapa-2","BUILD-POCEPATPROCESS-seg027"
"[BUILD-POCEPATPROCESS-seg033] Notificação do AIIM: de 'Trocar Notificação?' ate 'Trocar Notificação?'","Story","*Construir o troco da jornada que vai de 'Trocar Notificação?' a 'Trocar Notificação?', reproduzindo o comportamento observado no legado.*

h3. Contexto
Troco de 1 passo(s) da jornada do caso, de 'Trocar Notificação?' ate 'Trocar Notificação?', no processo POC_EpatProcess.

h3. Passos
# (gateway) Trocar Notificação? -- 1 regra(s) de negocio neste passo: RI-transition-POC_EpatProcess-TrocarNotificao

h3. Onde aterra
* {{src/SefazSp.Epat.Application/Workflows}} -- _scaffold_ -- A condicao ja esta extraida do XPDL. O desvio e topologia, e topologia e dado - nao codigo espalhado.

h3. Como se prova
Oraculo *scenario-path*, 39 caso(s), fixture {{artifacts/POC_Epat/scenarios/SC-POC_EpatProcess-001.json}}.
{panel:bgColor=#fffae6}Os valores esperados sao do kit e sao imutaveis. Ligar o arnes a fixture; nunca escrever nem editar um valor esperado.{panel}
* Build limpo, sem avisos
* O percurso do passo 14 ao 14 do cenario SC-POC_EpatProcess-001 corre de ponta a ponta

h3. Rasto
Card {{BUILD-POCEPATPROCESS-seg033}} -- IR {{scenarios[SC-POC_EpatProcess-001].segmentos[6]}} -- pacote {{POC_Epat}} -- manifesto {{e319db2a191633c242c3768767273b292a21aaeceae26ac0e73993f5b80a7b38}}
_Antes de implementar, reconferir o manifesto: se nao bater, o card tem de ser regerado e nao implementado._","card:BUILD-POCEPATPROCESS-seg033 epat-migracao etapa:2 gerado-pelo-kit peso:pequeno SAIAPP tipo:build","EPIC-etapa-2","BUILD-POCEPATPROCESS-seg033"
"[BUILD-POCEPATPROCESS-seg034] Chamada ao Decisions e conferencia humana do retorno","Story","*Construir o troco da jornada que vai de 'Iniciar Decisions' a 'Verificar Retorno Decisions', reproduzindo o comportamento observado no legado.*

h3. Contexto
Troco de 7 passo(s) da jornada do caso, de 'Iniciar Decisions' ate 'Verificar Retorno Decisions', no processo POC_EpatProcess. ATENCAO: 1 passo(s) sao alcancados por ligacao que NAO existe como transicao no XPDL (link) e tem de ser escrita explicitamente no fluxo .NET.

h3. Hipoteses a confirmar
_Parecer de analise, nao facto. Confirmar antes de assumir._
* Entra-se neste troco por um par link throw/catch que NAO existe como transicao no XPDL: tem de ser escrito como aresta explicita, senao o fluxo parte-se em dois.
* Os enderecos de e-mail em copia e copia oculta sao configuracao por ambiente e nao literais no codigo; um deles e nominal de uma pessoa e deixa de avisar quem devia se ela sair.

h3. Passos
# (linkThrow) Iniciar Decisions
# (linkCatch) Iniciar Decisions -- entra por *link* - nao existe como transicao no XPDL
# (scriptTask) Verificar Anulacao -- 1 regra(s) de negocio neste passo: RI-script-POC_EpatProcess-VerificarAnulacao
# (callActivity) Prepara Intimação -- 2 regra(s) de negocio neste passo: RI-dataMapping-POC_EpatProcess-PreparaIntimao, RI-dataMapping-POC_EpatProcess-PreparaIntimao
# (scriptTask) Define Destinatarios
# (emailTask) Email Limite Rel 1
# (userTask) Verificar Retorno Decisions

h3. Onde aterra
* {{src/SefazSp.Epat.Application/Abstractions/Processes}} -- _final_ -- A interface e transcricao do xpdExt:ProcessInterface. O destino resolve-se em execucao contra o registo validado no arranque; onde nao houver implementacao entregue, ha duble.
* {{src/SefazSp.Epat.Application/Abstractions/Services}} -- _final_ -- Envio de e-mail e integracao externa como outra qualquer. Os destinatarios saem do script para configuracao por ambiente, decidido em rulings.HARDCODED-VALUES.
* {{src/SefazSp.Epat.Application/Execution}} -- _scaffold_ -- O script do iProcess faz as duas coisas. O que calcula ou decide sobre o caso e regra de dominio e vai para Domain/Rules como funcao pura; o que mexe no envelope tecnico - STATUS_CODE, contadores de retentativa - fica em Application/Execution. A separacao ja esta feita em rule-catalogue.json, campo classification.eRegraDeNegocio.
* {{src/SefazSp.Epat.Application/UseCases}} -- _scaffold_ -- Tarefa humana e um caso de uso. As regras do code-behind das telas aterram aqui porque decidem o desfecho do processo, nao a apresentacao.
* {{src/SefazSp.Epat.Application/Workflows}} -- _scaffold_ -- GOTO implicito. Decidido flatten-edge: vira aresta explicita, porque manter como sinal introduziria pontos de espera que o TIBCO nao tem.
* {{src/SefazSp.Epat.Domain/Rules}} -- _draft_ -- O script do iProcess faz as duas coisas. O que calcula ou decide sobre o caso e regra de dominio e vai para Domain/Rules como funcao pura; o que mexe no envelope tecnico - STATUS_CODE, contadores de retentativa - fica em Application/Execution. A separacao ja esta feita em rule-catalogue.json, campo classification.eRegraDeNegocio.
* {{src/SefazSp.Epat.Infrastructure/Integration.Doubles}} -- _scaffold_ -- A interface e transcricao do xpdExt:ProcessInterface. O destino resolve-se em execucao contra o registo validado no arranque; onde nao houver implementacao entregue, ha duble.
* {{src/SefazSp.Epat.Infrastructure/Integration.Soap}} -- _scaffold_ -- Envio de e-mail e integracao externa como outra qualquer. Os destinatarios saem do script para configuracao por ambiente, decidido em rulings.HARDCODED-VALUES.

h3. Como se prova
Oraculo *scenario-path*, 39 caso(s), fixture {{artifacts/POC_Epat/scenarios/SC-POC_EpatProcess-001.json}}.
{panel:bgColor=#fffae6}Os valores esperados sao do kit e sao imutaveis. Ligar o arnes a fixture; nunca escrever nem editar um valor esperado.{panel}
* Build limpo, sem avisos
* O percurso do passo 15 ao 21 do cenario SC-POC_EpatProcess-001 corre de ponta a ponta

h3. Bloqueadores
* *link-goto* (decided) -- 2 no(s) deste segmento, de 20 no pacote inteiro. Decisao ratificada em NOEQ-link-goto.
* *iprocess-builtin* (decided) -- 2 no(s) deste segmento, de 17 no pacote inteiro. Decisao ratificada em NOEQ-iprocess-builtin.

h3. Rasto
Card {{BUILD-POCEPATPROCESS-seg034}} -- IR {{scenarios[SC-POC_EpatProcess-001].segmentos[7]}} -- pacote {{POC_Epat}} -- manifesto {{e319db2a191633c242c3768767273b292a21aaeceae26ac0e73993f5b80a7b38}}
_Antes de implementar, reconferir o manifesto: se nao bater, o card tem de ser regerado e nao implementado._","bloq:iprocess-builtin bloq:link-goto card:BUILD-POCEPATPROCESS-seg034 epat-migracao etapa:3 etapa:4 gerado-pelo-kit peso:atravessa-o-sistema SAIAPP tipo:build","EPIC-etapa-3","BUILD-POCEPATPROCESS-seg034"
"[BUILD-POCEPATPROCESS-seg051] Validação de Gateways Paralelos: de 'Validar Paralelos' ate 'Catch Signal Event'","Story","*Construir o troco da jornada que vai de 'Validar Paralelos' a 'Catch Signal Event', reproduzindo o comportamento observado no legado.*

h3. Contexto
Troco de 8 passo(s) da jornada do caso, de 'Validar Paralelos' ate 'Catch Signal Event', no processo POC_EpatProcess. ATENCAO: 3 passo(s) sao alcancados por ligacao que NAO existe como transicao no XPDL (fronteira, link, sinal) e tem de ser escrita explicitamente no fluxo .NET.

h3. Passos
# (linkThrow) Validar Paralelos
# (linkCatch) Validação Paralelos -- entra por *link* - nao existe como transicao no XPDL
# (gateway) Vistas do Juiz ? -- 1 regra(s) de negocio neste passo: RI-transition-POC_EpatProcess-VistasdoJuiz
# (gateway) gateway _CtQ7BVqPEfG5K7mY0I3I6w
# (receiveTask) Pedido de Vistas
# (timerEvent) timerEvent _CtQ7A1qPEfG5K7mY0I3I6w -- entra por *fronteira* - nao existe como transicao no XPDL
# (signalThrow) FimDRF
# (signalCatch) Catch Signal Event -- entra por *sinal* - nao existe como transicao no XPDL
# (userTask) Realizar Atividade Vista Mista -- Visitado noutra passagem por este mesmo troco (SC-POC_EpatProcess-013); nao aparece no percurso de referencia.

h3. Onde aterra
* {{src/SefazSp.Epat.Api/Endpoints}} -- _scaffold_ -- Evento externo precisa de chave de correlacao (ICorrelationStore) e de um ponto de entrada para a retomada. gaps.external-event = bookmark-correlation.
* {{src/SefazSp.Epat.Application/Abstractions/Runtime}} -- _final_ -- Evento externo precisa de chave de correlacao (ICorrelationStore) e de um ponto de entrada para a retomada. gaps.external-event = bookmark-correlation.
* {{src/SefazSp.Epat.Application/UseCases}} -- _scaffold_ -- Tarefa humana e um caso de uso. As regras do code-behind das telas aterram aqui porque decidem o desfecho do processo, nao a apresentacao.
* {{src/SefazSp.Epat.Application/Workflows}} -- _scaffold_ -- GOTO implicito. Decidido flatten-edge: vira aresta explicita, porque manter como sinal introduziria pontos de espera que o TIBCO nao tem.
* {{src/SefazSp.Epat.Domain/Abstractions}} -- _final_ -- O prazo e agendamento, logo topologia; mas depende de tempo, e tempo entra por IClock injectado. Nunca DateTime.Now - o teste de prazo precisa de relogio controlavel.

h3. Como se prova
Oraculo *scenario-path*, 6 caso(s), fixture {{artifacts/POC_Epat/scenarios/SC-POC_EpatProcess-010.json}}.
{panel:bgColor=#fffae6}Os valores esperados sao do kit e sao imutaveis. Ligar o arnes a fixture; nunca escrever nem editar um valor esperado.{panel}
* Build limpo, sem avisos
* O percurso do passo 22 ao 29 do cenario SC-POC_EpatProcess-010 corre de ponta a ponta

h3. Bloqueadores
* *link-goto* (decided) -- 2 no(s) deste segmento, de 20 no pacote inteiro. Decisao ratificada em NOEQ-link-goto.
* *external-event* (decided) -- 1 no(s) deste segmento, de 6 no pacote inteiro. Decisao ratificada em NOEQ-external-event.
* *expression-deadline* (decided) -- 1 no(s) deste segmento, de 4 no pacote inteiro. Decisao ratificada em NOEQ-expression-deadline.

h3. Rasto
Card {{BUILD-POCEPATPROCESS-seg051}} -- IR {{scenarios[SC-POC_EpatProcess-010].segmentos[8]}} -- pacote {{POC_Epat}} -- manifesto {{e319db2a191633c242c3768767273b292a21aaeceae26ac0e73993f5b80a7b38}}
_Antes de implementar, reconferir o manifesto: se nao bater, o card tem de ser regerado e nao implementado._","bloq:expression-deadline bloq:external-event bloq:link-goto card:BUILD-POCEPATPROCESS-seg051 epat-migracao etapa:5 gerado-pelo-kit peso:atravessa-o-sistema SAIAPP tipo:build","EPIC-etapa-5","BUILD-POCEPATPROCESS-seg051"
"[BUILD-POCEPATPROCESS-seg052] Validação de Gateways Paralelos: de 'Validar Paralelos' ate 'Fim Vista Mista'","Story","*Construir o troco da jornada que vai de 'Validar Paralelos' a 'Fim Vista Mista', reproduzindo o comportamento observado no legado.*

h3. Contexto
Troco de 7 passo(s) da jornada do caso, de 'Validar Paralelos' ate 'Fim Vista Mista', no processo POC_EpatProcess. ATENCAO: 2 passo(s) sao alcancados por ligacao que NAO existe como transicao no XPDL (link, sinal) e tem de ser escrita explicitamente no fluxo .NET.

h3. Passos
# (linkThrow) Validar Paralelos
# (linkCatch) Validação Paralelos -- entra por *link* - nao existe como transicao no XPDL
# (gateway) Vistas do Juiz ? -- 1 regra(s) de negocio neste passo: RI-transition-POC_EpatProcess-VistasdoJuiz
# (gateway) gateway _CtQ7BVqPEfG5K7mY0I3I6w
# (userTask) Realizar Atividade Vista Mista
# (signalThrow) Fim Vista Mista
# (signalCatch) Fim Vista Mista -- entra por *sinal* - nao existe como transicao no XPDL
# (receiveTask) Pedido de Vistas -- Visitado noutra passagem por este mesmo troco (SC-POC_EpatProcess-007); nao aparece no percurso de referencia.

h3. Onde aterra
* {{src/SefazSp.Epat.Api/Endpoints}} -- _scaffold_ -- Evento externo precisa de chave de correlacao (ICorrelationStore) e de um ponto de entrada para a retomada. gaps.external-event = bookmark-correlation.
* {{src/SefazSp.Epat.Application/Abstractions/Runtime}} -- _final_ -- Evento externo precisa de chave de correlacao (ICorrelationStore) e de um ponto de entrada para a retomada. gaps.external-event = bookmark-correlation.
* {{src/SefazSp.Epat.Application/UseCases}} -- _scaffold_ -- Tarefa humana e um caso de uso. As regras do code-behind das telas aterram aqui porque decidem o desfecho do processo, nao a apresentacao.
* {{src/SefazSp.Epat.Application/Workflows}} -- _scaffold_ -- GOTO implicito. Decidido flatten-edge: vira aresta explicita, porque manter como sinal introduziria pontos de espera que o TIBCO nao tem.

h3. Como se prova
Oraculo *scenario-path*, 6 caso(s), fixture {{artifacts/POC_Epat/scenarios/SC-POC_EpatProcess-012.json}}.
{panel:bgColor=#fffae6}Os valores esperados sao do kit e sao imutaveis. Ligar o arnes a fixture; nunca escrever nem editar um valor esperado.{panel}
* Build limpo, sem avisos
* O percurso do passo 22 ao 28 do cenario SC-POC_EpatProcess-012 corre de ponta a ponta

h3. Bloqueadores
* *link-goto* (decided) -- 2 no(s) deste segmento, de 20 no pacote inteiro. Decisao ratificada em NOEQ-link-goto.
* *external-event* (decided) -- 1 no(s) deste segmento, de 6 no pacote inteiro. Decisao ratificada em NOEQ-external-event.

h3. Rasto
Card {{BUILD-POCEPATPROCESS-seg052}} -- IR {{scenarios[SC-POC_EpatProcess-012].segmentos[8]}} -- pacote {{POC_Epat}} -- manifesto {{e319db2a191633c242c3768767273b292a21aaeceae26ac0e73993f5b80a7b38}}
_Antes de implementar, reconferir o manifesto: se nao bater, o card tem de ser regerado e nao implementado._","bloq:external-event bloq:link-goto card:BUILD-POCEPATPROCESS-seg052 epat-migracao etapa:5 gerado-pelo-kit peso:grande SAIAPP tipo:build","EPIC-etapa-5","BUILD-POCEPATPROCESS-seg052"
"[BUILD-POCEPATPROCESS-seg053] Vistas do juiz e mistas, ate a preparacao dos intimados","Story","*Construir o troco da jornada que vai de 'Validar Paralelos' a 'prepSub', reproduzindo o comportamento observado no legado.*

h3. Contexto
Troco de 14 passo(s) da jornada do caso, de 'Validar Paralelos' ate 'prepSub', no processo POC_EpatProcess. ATENCAO: 2 passo(s) sao alcancados por ligacao que NAO existe como transicao no XPDL (fronteira, link) e tem de ser escrita explicitamente no fluxo .NET.

h3. Hipoteses a confirmar
_Parecer de analise, nao facto. Confirmar antes de assumir._
* prepSub parte IDSINTIMADOS com SEARCH e SUBSTR assumindo base 1; a semantica continua por fixar na documentacao iProcess e um desvio de uma posicao nao falha - devolve valor errado.
* A ultima atribuicao de IDSINTIMADOS neste troco e andaime de teste e nao migra; confirmar que foi removida e nao transcrita.
* TIPOVISTAS nao preenchido segue deliberadamente para o juiz. O ramo 'DRF' e o por omissao e nao um terceiro valor de dominio: colapsar o sentinela em null inverte a regra sem erro visivel.

h3. Passos
# (linkThrow) Validar Paralelos
# (linkCatch) Validação Paralelos -- entra por *link* - nao existe como transicao no XPDL
# (gateway) Vistas do Juiz ? -- 1 regra(s) de negocio neste passo: RI-transition-POC_EpatProcess-VistasdoJuiz
# (gateway) gateway _CtQ7BVqPEfG5K7mY0I3I6w
# (receiveTask) Pedido de Vistas
# (timerEvent) timerEvent _CtQ7A1qPEfG5K7mY0I3I6w -- entra por *fronteira* - nao existe como transicao no XPDL
# (signalThrow) FimDRF
# (callActivity) Busca Emails
# (scriptTask) VoltaAgenda
# (gateway) Tipo de Vista Mista? -- 1 regra(s) de negocio neste passo: RI-transition-POC_EpatProcess-TipodeVistaMista
# (gateway) gateway _CtQ7AFqPEfG5K7mY0I3I6w
# (gateway) gateway _CtQ69FqPEfG5K7mY0I3I6w
# (gateway) gateway _CtQ6-lqPEfG5K7mY0I3I6w
# (scriptTask) prepSub -- 1 regra(s) de negocio neste passo: RI-script-POC_EpatProcess-prepSub
# (receiveTask) Vistas do Juiz -- Visitado noutra passagem por este mesmo troco (SC-POC_EpatProcess-001); nao aparece no percurso de referencia.
# (gateway) Vistas Mista ? -- Visitado noutra passagem por este mesmo troco (SC-POC_EpatProcess-001); nao aparece no percurso de referencia.
# (timerEvent) timerEvent _CtQ6_1qPEfG5K7mY0I3I6w -- Visitado noutra passagem por este mesmo troco (SC-POC_EpatProcess-003); nao aparece no percurso de referencia.
# (gateway) Vistas Mista ? -- Visitado noutra passagem por este mesmo troco (SC-POC_EpatProcess-005); nao aparece no percurso de referencia.
# (gateway) gateway _CtQ68VqPEfG5K7mY0I3I6w -- Visitado noutra passagem por este mesmo troco (SC-POC_EpatProcess-006); nao aparece no percurso de referencia.
# (userTask) Realizar Atividade Vista Mista -- Visitado noutra passagem por este mesmo troco (SC-POC_EpatProcess-011); nao aparece no percurso de referencia.
# (signalThrow) Fim Vista Mista -- Visitado noutra passagem por este mesmo troco (SC-POC_EpatProcess-011); nao aparece no percurso de referencia.
# (linkThrow) Mista -- Visitado noutra passagem por este mesmo troco (SC-POC_EpatProcess-011); nao aparece no percurso de referencia.
# (linkCatch) Mista -- Visitado noutra passagem por este mesmo troco (SC-POC_EpatProcess-011); nao aparece no percurso de referencia.

h3. Onde aterra
* {{src/SefazSp.Epat.Api/Endpoints}} -- _scaffold_ -- Evento externo precisa de chave de correlacao (ICorrelationStore) e de um ponto de entrada para a retomada. gaps.external-event = bookmark-correlation.
* {{src/SefazSp.Epat.Application/Abstractions/Processes}} -- _final_ -- A interface e transcricao do xpdExt:ProcessInterface. O destino resolve-se em execucao contra o registo validado no arranque; onde nao houver implementacao entregue, ha duble.
* {{src/SefazSp.Epat.Application/Abstractions/Runtime}} -- _final_ -- Evento externo precisa de chave de correlacao (ICorrelationStore) e de um ponto de entrada para a retomada. gaps.external-event = bookmark-correlation.
* {{src/SefazSp.Epat.Application/Execution}} -- _scaffold_ -- O script do iProcess faz as duas coisas. O que calcula ou decide sobre o caso e regra de dominio e vai para Domain/Rules como funcao pura; o que mexe no envelope tecnico - STATUS_CODE, contadores de retentativa - fica em Application/Execution. A separacao ja esta feita em rule-catalogue.json, campo classification.eRegraDeNegocio.
* {{src/SefazSp.Epat.Application/UseCases}} -- _scaffold_ -- Tarefa humana e um caso de uso. As regras do code-behind das telas aterram aqui porque decidem o desfecho do processo, nao a apresentacao.
* {{src/SefazSp.Epat.Application/Workflows}} -- _scaffold_ -- GOTO implicito. Decidido flatten-edge: vira aresta explicita, porque manter como sinal introduziria pontos de espera que o TIBCO nao tem.
* {{src/SefazSp.Epat.Domain/Abstractions}} -- _final_ -- O prazo e agendamento, logo topologia; mas depende de tempo, e tempo entra por IClock injectado. Nunca DateTime.Now - o teste de prazo precisa de relogio controlavel.
* {{src/SefazSp.Epat.Domain/Rules}} -- _draft_ -- O script do iProcess faz as duas coisas. O que calcula ou decide sobre o caso e regra de dominio e vai para Domain/Rules como funcao pura; o que mexe no envelope tecnico - STATUS_CODE, contadores de retentativa - fica em Application/Execution. A separacao ja esta feita em rule-catalogue.json, campo classification.eRegraDeNegocio.
* {{src/SefazSp.Epat.Infrastructure/Integration.Doubles}} -- _scaffold_ -- A interface e transcricao do xpdExt:ProcessInterface. O destino resolve-se em execucao contra o registo validado no arranque; onde nao houver implementacao entregue, ha duble.

h3. Como se prova
Oraculo *scenario-path*, 27 caso(s), fixture {{artifacts/POC_Epat/scenarios/SC-POC_EpatProcess-026.json}}.
{panel:bgColor=#fffae6}Os valores esperados sao do kit e sao imutaveis. Ligar o arnes a fixture; nunca escrever nem editar um valor esperado.{panel}
* Build limpo, sem avisos
* O percurso do passo 17 ao 30 do cenario SC-POC_EpatProcess-026 corre de ponta a ponta

h3. Bloqueadores
* *link-goto* (decided) -- 4 no(s) deste segmento, de 20 no pacote inteiro. Decisao ratificada em NOEQ-link-goto.
* *external-event* (decided) -- 2 no(s) deste segmento, de 6 no pacote inteiro. Decisao ratificada em NOEQ-external-event.
* *expression-deadline* (decided) -- 2 no(s) deste segmento, de 4 no pacote inteiro. Decisao ratificada em NOEQ-expression-deadline.
* *iprocess-builtin* (decided) -- 1 no(s) deste segmento, de 17 no pacote inteiro. Decisao ratificada em NOEQ-iprocess-builtin.

h3. Rasto
Card {{BUILD-POCEPATPROCESS-seg053}} -- IR {{scenarios[SC-POC_EpatProcess-026].segmentos[6]}} -- pacote {{POC_Epat}} -- manifesto {{e319db2a191633c242c3768767273b292a21aaeceae26ac0e73993f5b80a7b38}}
_Antes de implementar, reconferir o manifesto: se nao bater, o card tem de ser regerado e nao implementado._","bloq:expression-deadline bloq:external-event bloq:iprocess-builtin bloq:link-goto card:BUILD-POCEPATPROCESS-seg053 epat-migracao etapa:5 gerado-pelo-kit peso:atravessa-o-sistema SAIAPP tipo:build","EPIC-etapa-5","BUILD-POCEPATPROCESS-seg053"
"[BUILD-POCEPATPROCESS-seg054] Controle de Intimados: de 'Controlar Intimados' ate 'Controlar Intimados'","Story","*Construir o troco da jornada que vai de 'Controlar Intimados' a 'Controlar Intimados', reproduzindo o comportamento observado no legado.*

h3. Contexto
Troco de 1 passo(s) da jornada do caso, de 'Controlar Intimados' ate 'Controlar Intimados', no processo POC_EpatProcess.

h3. Passos
# (callActivity) Controlar Intimados

h3. Onde aterra
* {{src/SefazSp.Epat.Application/Abstractions/Processes}} -- _final_ -- A interface e transcricao do xpdExt:ProcessInterface. O destino resolve-se em execucao contra o registo validado no arranque; onde nao houver implementacao entregue, ha duble.
* {{src/SefazSp.Epat.Infrastructure/Integration.Doubles}} -- _scaffold_ -- A interface e transcricao do xpdExt:ProcessInterface. O destino resolve-se em execucao contra o registo validado no arranque; onde nao houver implementacao entregue, ha duble.

h3. Como se prova
Oraculo *scenario-path*, 27 caso(s), fixture {{artifacts/POC_Epat/scenarios/SC-POC_EpatProcess-001.json}}.
{panel:bgColor=#fffae6}Os valores esperados sao do kit e sao imutaveis. Ligar o arnes a fixture; nunca escrever nem editar um valor esperado.{panel}
* Build limpo, sem avisos
* O percurso do passo 29 ao 29 do cenario SC-POC_EpatProcess-001 corre de ponta a ponta

h3. Bloqueadores
* *dynamic-subprocess* (decided) -- 1 no(s) deste segmento, de 3 no pacote inteiro. Decisao ratificada em NOEQ-dynamic-subprocess.

h3. Rasto
Card {{BUILD-POCEPATPROCESS-seg054}} -- IR {{scenarios[SC-POC_EpatProcess-001].segmentos[9]}} -- pacote {{POC_Epat}} -- manifesto {{e319db2a191633c242c3768767273b292a21aaeceae26ac0e73993f5b80a7b38}}
_Antes de implementar, reconferir o manifesto: se nao bater, o card tem de ser regerado e nao implementado._","bloq:dynamic-subprocess card:BUILD-POCEPATPROCESS-seg054 epat-migracao etapa:6 gerado-pelo-kit peso:grande SAIAPP tipo:build","EPIC-etapa-6","BUILD-POCEPATPROCESS-seg054"
"[BUILD-POCEPATPROCESS-seg055] Encerramento: de 'End Event' ate 'End Event'","Story","*Construir o troco da jornada que vai de 'End Event' a 'End Event', reproduzindo o comportamento observado no legado.*

h3. Contexto
Troco de 1 passo(s) da jornada do caso, de 'End Event' ate 'End Event', no processo POC_EpatProcess.

h3. Passos
# (endEvent) End Event

h3. Onde aterra
* {{src/SefazSp.Epat.Application/Workflows}} -- _final_ -- Encerramento de instancia. Transcricao, com a ressalva de que o endEvent de um subprocesso e um regresso e nao um encerramento.

h3. Como se prova
Oraculo *scenario-path*, 2 caso(s), fixture {{artifacts/POC_Epat/scenarios/SC-POC_EpatProcess-016.json}}.
{panel:bgColor=#fffae6}Os valores esperados sao do kit e sao imutaveis. Ligar o arnes a fixture; nunca escrever nem editar um valor esperado.{panel}
* Build limpo, sem avisos
* O percurso do passo 5 ao 5 do cenario SC-POC_EpatProcess-016 corre de ponta a ponta

h3. Rasto
Card {{BUILD-POCEPATPROCESS-seg055}} -- IR {{scenarios[SC-POC_EpatProcess-016].segmentos[2]}} -- pacote {{POC_Epat}} -- manifesto {{e319db2a191633c242c3768767273b292a21aaeceae26ac0e73993f5b80a7b38}}
_Antes de implementar, reconferir o manifesto: se nao bater, o card tem de ser regerado e nao implementado._","card:BUILD-POCEPATPROCESS-seg055 epat-migracao etapa:7 gerado-pelo-kit peso:pequeno SAIAPP tipo:build","EPIC-etapa-7","BUILD-POCEPATPROCESS-seg055"
"[BUILD-POCEPATPROCESS-seg056] Encerramento: de 'endEvent _CtQ66lqPEfG5K7mY0I3I6w' ate 'endEvent _CtQ66lqPEfG5K7mY0I3I6w'","Story","*Construir o troco da jornada que vai de 'endEvent _CtQ66lqPEfG5K7mY0I3I6w' a 'endEvent _CtQ66lqPEfG5K7mY0I3I6w', reproduzindo o comportamento observado no legado.*

h3. Contexto
Troco de 1 passo(s) da jornada do caso, de 'endEvent _CtQ66lqPEfG5K7mY0I3I6w' ate 'endEvent _CtQ66lqPEfG5K7mY0I3I6w', no processo POC_EpatProcess.

h3. Passos
# (endEvent) endEvent _CtQ66lqPEfG5K7mY0I3I6w

h3. Onde aterra
* {{src/SefazSp.Epat.Application/Workflows}} -- _final_ -- Encerramento de instancia. Transcricao, com a ressalva de que o endEvent de um subprocesso e um regresso e nao um encerramento.

h3. Como se prova
Oraculo *scenario-path*, 6 caso(s), fixture {{artifacts/POC_Epat/scenarios/SC-POC_EpatProcess-007.json}}.
{panel:bgColor=#fffae6}Os valores esperados sao do kit e sao imutaveis. Ligar o arnes a fixture; nunca escrever nem editar um valor esperado.{panel}
* Build limpo, sem avisos
* O percurso do passo 28 ao 28 do cenario SC-POC_EpatProcess-007 corre de ponta a ponta

h3. Rasto
Card {{BUILD-POCEPATPROCESS-seg056}} -- IR {{scenarios[SC-POC_EpatProcess-007].segmentos[9]}} -- pacote {{POC_Epat}} -- manifesto {{e319db2a191633c242c3768767273b292a21aaeceae26ac0e73993f5b80a7b38}}
_Antes de implementar, reconferir o manifesto: se nao bater, o card tem de ser regerado e nao implementado._","card:BUILD-POCEPATPROCESS-seg056 epat-migracao etapa:7 gerado-pelo-kit peso:pequeno SAIAPP tipo:build","EPIC-etapa-7","BUILD-POCEPATPROCESS-seg056"
"[BUILD-POCEPATPROCESS-seg057] Encerramento: de 'endEvent _Faq_Q1qTEfG5K7mY0I3I6w' ate 'endEvent _Faq_Q1qTEfG5K7mY0I3I6w'","Story","*Construir o troco da jornada que vai de 'endEvent _Faq_Q1qTEfG5K7mY0I3I6w' a 'endEvent _Faq_Q1qTEfG5K7mY0I3I6w', reproduzindo o comportamento observado no legado.*

h3. Contexto
Troco de 1 passo(s) da jornada do caso, de 'endEvent _Faq_Q1qTEfG5K7mY0I3I6w' ate 'endEvent _Faq_Q1qTEfG5K7mY0I3I6w', no processo POC_EpatProcess.

h3. Passos
# (endEvent) endEvent _Faq_Q1qTEfG5K7mY0I3I6w

h3. Onde aterra
* {{src/SefazSp.Epat.Application/Workflows}} -- _final_ -- Encerramento de instancia. Transcricao, com a ressalva de que o endEvent de um subprocesso e um regresso e nao um encerramento.

h3. Como se prova
Oraculo *scenario-path*, 2 caso(s), fixture {{artifacts/POC_Epat/scenarios/SC-POC_EpatProcess-014.json}}.
{panel:bgColor=#fffae6}Os valores esperados sao do kit e sao imutaveis. Ligar o arnes a fixture; nunca escrever nem editar um valor esperado.{panel}
* Build limpo, sem avisos
* O percurso do passo 10 ao 10 do cenario SC-POC_EpatProcess-014 corre de ponta a ponta

h3. Rasto
Card {{BUILD-POCEPATPROCESS-seg057}} -- IR {{scenarios[SC-POC_EpatProcess-014].segmentos[5]}} -- pacote {{POC_Epat}} -- manifesto {{e319db2a191633c242c3768767273b292a21aaeceae26ac0e73993f5b80a7b38}}
_Antes de implementar, reconferir o manifesto: se nao bater, o card tem de ser regerado e nao implementado._","card:BUILD-POCEPATPROCESS-seg057 epat-migracao etapa:7 gerado-pelo-kit peso:pequeno SAIAPP tipo:build","EPIC-etapa-7","BUILD-POCEPATPROCESS-seg057"
"[BUILD-POCEPATPROCESS-seg058] Encerramento: de 'endEvent _O7K3MF9LEfGqPfX31TKC3w' ate 'endEvent _O7K3MF9LEfGqPfX31TKC3w'","Story","*Construir o troco da jornada que vai de 'endEvent _O7K3MF9LEfGqPfX31TKC3w' a 'endEvent _O7K3MF9LEfGqPfX31TKC3w', reproduzindo o comportamento observado no legado.*

h3. Contexto
Troco de 1 passo(s) da jornada do caso, de 'endEvent _O7K3MF9LEfGqPfX31TKC3w' ate 'endEvent _O7K3MF9LEfGqPfX31TKC3w', no processo POC_EpatProcess.

h3. Passos
# (endEvent) endEvent _O7K3MF9LEfGqPfX31TKC3w

h3. Onde aterra
* {{src/SefazSp.Epat.Application/Workflows}} -- _final_ -- Encerramento de instancia. Transcricao, com a ressalva de que o endEvent de um subprocesso e um regresso e nao um encerramento.

h3. Como se prova
Oraculo *scenario-path*, 2 caso(s), fixture {{artifacts/POC_Epat/scenarios/SC-POC_EpatProcess-015.json}}.
{panel:bgColor=#fffae6}Os valores esperados sao do kit e sao imutaveis. Ligar o arnes a fixture; nunca escrever nem editar um valor esperado.{panel}
* Build limpo, sem avisos
* O percurso do passo 6 ao 6 do cenario SC-POC_EpatProcess-015 corre de ponta a ponta

h3. Rasto
Card {{BUILD-POCEPATPROCESS-seg058}} -- IR {{scenarios[SC-POC_EpatProcess-015].segmentos[2]}} -- pacote {{POC_Epat}} -- manifesto {{e319db2a191633c242c3768767273b292a21aaeceae26ac0e73993f5b80a7b38}}
_Antes de implementar, reconferir o manifesto: se nao bater, o card tem de ser regerado e nao implementado._","card:BUILD-POCEPATPROCESS-seg058 epat-migracao etapa:7 gerado-pelo-kit peso:pequeno SAIAPP tipo:build","EPIC-etapa-7","BUILD-POCEPATPROCESS-seg058"
"[BUILD-POCEPATPROCESS-seg059] Encerramento: de 'Fim de Prazo' ate 'Fim de Prazo'","Story","*Construir o troco da jornada que vai de 'Fim de Prazo' a 'Fim de Prazo', reproduzindo o comportamento observado no legado.*

h3. Contexto
Troco de 1 passo(s) da jornada do caso, de 'Fim de Prazo' ate 'Fim de Prazo', no processo POC_EpatProcess.

h3. Passos
# (endEvent) Fim de Prazo

h3. Onde aterra
* {{src/SefazSp.Epat.Application/Workflows}} -- _final_ -- Encerramento de instancia. Transcricao, com a ressalva de que o endEvent de um subprocesso e um regresso e nao um encerramento.

h3. Como se prova
Oraculo *scenario-path*, 6 caso(s), fixture {{artifacts/POC_Epat/scenarios/SC-POC_EpatProcess-010.json}}.
{panel:bgColor=#fffae6}Os valores esperados sao do kit e sao imutaveis. Ligar o arnes a fixture; nunca escrever nem editar um valor esperado.{panel}
* Build limpo, sem avisos
* O percurso do passo 30 ao 30 do cenario SC-POC_EpatProcess-010 corre de ponta a ponta

h3. Rasto
Card {{BUILD-POCEPATPROCESS-seg059}} -- IR {{scenarios[SC-POC_EpatProcess-010].segmentos[9]}} -- pacote {{POC_Epat}} -- manifesto {{e319db2a191633c242c3768767273b292a21aaeceae26ac0e73993f5b80a7b38}}
_Antes de implementar, reconferir o manifesto: se nao bater, o card tem de ser regerado e nao implementado._","card:BUILD-POCEPATPROCESS-seg059 epat-migracao etapa:7 gerado-pelo-kit peso:pequeno SAIAPP tipo:build","EPIC-etapa-7","BUILD-POCEPATPROCESS-seg059"
"[BUILD-POCEPATPROCESS-seg060] Encerramento: de 'Fim E-mail' ate 'Fim E-mail'","Story","*Construir o troco da jornada que vai de 'Fim E-mail' a 'Fim E-mail', reproduzindo o comportamento observado no legado.*

h3. Contexto
Troco de 1 passo(s) da jornada do caso, de 'Fim E-mail' ate 'Fim E-mail', no processo POC_EpatProcess.

h3. Passos
# (endEvent) Fim E-mail

h3. Onde aterra
* {{src/SefazSp.Epat.Application/Workflows}} -- _final_ -- Encerramento de instancia. Transcricao, com a ressalva de que o endEvent de um subprocesso e um regresso e nao um encerramento.

h3. Como se prova
Oraculo *scenario-path*, 2 caso(s), fixture {{artifacts/POC_Epat/scenarios/SC-POC_EpatProcess-017.json}}.
{panel:bgColor=#fffae6}Os valores esperados sao do kit e sao imutaveis. Ligar o arnes a fixture; nunca escrever nem editar um valor esperado.{panel}
* Build limpo, sem avisos
* O percurso do passo 6 ao 6 do cenario SC-POC_EpatProcess-017 corre de ponta a ponta

h3. Rasto
Card {{BUILD-POCEPATPROCESS-seg060}} -- IR {{scenarios[SC-POC_EpatProcess-017].segmentos[3]}} -- pacote {{POC_Epat}} -- manifesto {{e319db2a191633c242c3768767273b292a21aaeceae26ac0e73993f5b80a7b38}}
_Antes de implementar, reconferir o manifesto: se nao bater, o card tem de ser regerado e nao implementado._","card:BUILD-POCEPATPROCESS-seg060 epat-migracao etapa:7 gerado-pelo-kit peso:pequeno SAIAPP tipo:build","EPIC-etapa-7","BUILD-POCEPATPROCESS-seg060"
"[BUILD-POCEPATPROCESS-seg061] Encerramento: de 'Fim' ate 'Fim'","Story","*Construir o troco da jornada que vai de 'Fim' a 'Fim', reproduzindo o comportamento observado no legado.*

h3. Contexto
Troco de 1 passo(s) da jornada do caso, de 'Fim' ate 'Fim', no processo POC_EpatProcess.

h3. Passos
# (endEvent) Fim

h3. Onde aterra
* {{src/SefazSp.Epat.Application/Workflows}} -- _final_ -- Encerramento de instancia. Transcricao, com a ressalva de que o endEvent de um subprocesso e um regresso e nao um encerramento.

h3. Como se prova
Oraculo *scenario-path*, 27 caso(s), fixture {{artifacts/POC_Epat/scenarios/SC-POC_EpatProcess-001.json}}.
{panel:bgColor=#fffae6}Os valores esperados sao do kit e sao imutaveis. Ligar o arnes a fixture; nunca escrever nem editar um valor esperado.{panel}
* Build limpo, sem avisos
* O percurso do passo 30 ao 30 do cenario SC-POC_EpatProcess-001 corre de ponta a ponta

h3. Rasto
Card {{BUILD-POCEPATPROCESS-seg061}} -- IR {{scenarios[SC-POC_EpatProcess-001].segmentos[10]}} -- pacote {{POC_Epat}} -- manifesto {{e319db2a191633c242c3768767273b292a21aaeceae26ac0e73993f5b80a7b38}}
_Antes de implementar, reconferir o manifesto: se nao bater, o card tem de ser regerado e nao implementado._","card:BUILD-POCEPATPROCESS-seg061 epat-migracao etapa:7 gerado-pelo-kit peso:pequeno SAIAPP tipo:build","EPIC-etapa-7","BUILD-POCEPATPROCESS-seg061"
"[BUILD-PRPINTPC-seg035] Preparacao da intimacao: laco de retry, COM O DEFEITO DE COPIA A CORRIGIR","Story","*Construir o troco da jornada que vai de 'Start Event' a 'Done - Bail', reproduzindo o comportamento observado no legado.*

h3. Contexto
Troco de 20 passo(s) da jornada do caso, de 'Start Event' ate 'Done - Bail', no processo PRPINTPC. ATENCAO: 2 passo(s) sao alcancados por ligacao que NAO existe como transicao no XPDL (descida, regresso) e tem de ser escrita explicitamente no fluxo .NET. O troco corre dentro de um processo chamado a partir de 'POC_EpatProcess/Prepara Intimação', e e dai que herda a etapa.

h3. Hipoteses a confirmar
_Parecer de analise, nao facto. Confirmar antes de assumir._
* A condicao de erro deste processo compara STATUS_CODE com SW_NA; os quatro irmaos comparam com '0'. Foi decidido corrigir para '!= \""0\""' - confirmar que a correccao foi aplicada e nao transcrita.
* Corrigir muda comportamento observado: casos que hoje passam em silencio com erro passam a parar. A demonstracao precisa de nota sobre isto.

h3. Passos
# (startEvent) Start Event
# (scriptTask) SetParameters -- 1 regra(s) de negocio neste passo: RI-script-PRPINTPC-SetParameters
# (scriptTask) Start Loop -- 1 regra(s) de negocio neste passo: RI-script-PRPINTPC-StartLoop
# (subProcessScope) Control System Task Call
# (startEvent) startEvent _KEwDUl6EEfGBBLgT-R5iuw -- entra por *descida* - nao existe como transicao no XPDL
# (scriptTask) Start TX
# (gateway) Check Retries SW_QRETRYCOUNT -- 1 regra(s) de negocio neste passo: RI-transition-PRPINTPC-CheckRetriesSWQRETRYCOUNT
# (serviceTask) CaptaParametros
# (gateway) gateway _KEwDVl6EEfGBBLgT-R5iuw -- decide: A chamada a CaptaParametros foi bem sucedida?
# (scriptTask) Set App Error
# (gateway) gateway _KEwDV16EEfGBBLgT-R5iuw
# (endEvent) endEvent _KEwDU16EEfGBBLgT-R5iuw
# (gateway) Tech Error -- entra por *regresso* - nao existe como transicao no XPDL
# (gateway) App Error
# (gateway) More Retries
# (gateway) gateway _KEwC716EEfGBBLgT-R5iuw
# (userTask) Manipular Excecao
# (gateway) Manually Fixed
# (gateway) Try Again
# (endEvent) Done - Bail
# (scriptTask) Set Technical Error -- Visitado noutra passagem por este mesmo troco (SC-PRPINTPC-015); nao aparece no percurso de referencia.

h3. Onde aterra
* {{src/SefazSp.Epat.Application/Abstractions/Services}} -- _final_ -- A porta e transcricao do WSDL e nao se mexe; a implementacao SOAP/JMS e que se escreve.
* {{src/SefazSp.Epat.Application/Execution}} -- _scaffold_ -- O script do iProcess faz as duas coisas. O que calcula ou decide sobre o caso e regra de dominio e vai para Domain/Rules como funcao pura; o que mexe no envelope tecnico - STATUS_CODE, contadores de retentativa - fica em Application/Execution. A separacao ja esta feita em rule-catalogue.json, campo classification.eRegraDeNegocio.
* {{src/SefazSp.Epat.Application/UseCases}} -- _scaffold_ -- Tarefa humana e um caso de uso. As regras do code-behind das telas aterram aqui porque decidem o desfecho do processo, nao a apresentacao.
* {{src/SefazSp.Epat.Application/Workflows}} -- _scaffold_ -- Escopo embutido e topologia: a descida e o regresso tem de existir como transicao explicita, porque no XPDL nao existem.
* {{src/SefazSp.Epat.Domain/Rules}} -- _draft_ -- O script do iProcess faz as duas coisas. O que calcula ou decide sobre o caso e regra de dominio e vai para Domain/Rules como funcao pura; o que mexe no envelope tecnico - STATUS_CODE, contadores de retentativa - fica em Application/Execution. A separacao ja esta feita em rule-catalogue.json, campo classification.eRegraDeNegocio.
* {{src/SefazSp.Epat.Infrastructure/Integration.Soap}} -- _scaffold_ -- A porta e transcricao do WSDL e nao se mexe; a implementacao SOAP/JMS e que se escreve.

h3. Como se prova
Oraculo *scenario-path*, 6 caso(s), fixture {{artifacts/POC_Epat/scenarios/SC-PRPINTPC-009.json}}.
{panel:bgColor=#fffae6}Os valores esperados sao do kit e sao imutaveis. Ligar o arnes a fixture; nunca escrever nem editar um valor esperado.{panel}
* Build limpo, sem avisos
* O percurso do passo 1 ao 20 do cenario SC-PRPINTPC-009 corre de ponta a ponta

h3. Bloqueadores
* *iprocess-builtin* (decided) -- 2 no(s) deste segmento, de 17 no pacote inteiro. Decisao ratificada em NOEQ-iprocess-builtin.

h3. Rasto
Card {{BUILD-PRPINTPC-seg035}} -- IR {{scenarios[SC-PRPINTPC-009].segmentos[1]}} -- pacote {{POC_Epat}} -- manifesto {{e319db2a191633c242c3768767273b292a21aaeceae26ac0e73993f5b80a7b38}}
_Antes de implementar, reconferir o manifesto: se nao bater, o card tem de ser regerado e nao implementado._","bloq:iprocess-builtin card:BUILD-PRPINTPC-seg035 epat-migracao etapa:3 etapa:4 gerado-pelo-kit peso:atravessa-o-sistema SAIAPP tipo:build","EPIC-etapa-3","BUILD-PRPINTPC-seg035"
"[BUILD-PRPINTPC-seg036] Integração com Decisions + Verificação do Retorno do Decisions: de 'Start Event' ate 'Done - Fixed'","Story","*Construir o troco da jornada que vai de 'Start Event' a 'Done - Fixed', reproduzindo o comportamento observado no legado.*

h3. Contexto
Troco de 19 passo(s) da jornada do caso, de 'Start Event' ate 'Done - Fixed', no processo PRPINTPC. ATENCAO: 2 passo(s) sao alcancados por ligacao que NAO existe como transicao no XPDL (descida, regresso) e tem de ser escrita explicitamente no fluxo .NET. O troco corre dentro de um processo chamado a partir de 'POC_EpatProcess/Prepara Intimação', e e dai que herda a etapa.

h3. Passos
# (startEvent) Start Event
# (scriptTask) SetParameters -- 1 regra(s) de negocio neste passo: RI-script-PRPINTPC-SetParameters
# (scriptTask) Start Loop -- 1 regra(s) de negocio neste passo: RI-script-PRPINTPC-StartLoop
# (subProcessScope) Control System Task Call
# (startEvent) startEvent _KEwDUl6EEfGBBLgT-R5iuw -- entra por *descida* - nao existe como transicao no XPDL
# (scriptTask) Start TX
# (gateway) Check Retries SW_QRETRYCOUNT -- 1 regra(s) de negocio neste passo: RI-transition-PRPINTPC-CheckRetriesSWQRETRYCOUNT
# (serviceTask) CaptaParametros
# (gateway) gateway _KEwDVl6EEfGBBLgT-R5iuw -- decide: A chamada a CaptaParametros foi bem sucedida?
# (scriptTask) Set App Error
# (gateway) gateway _KEwDV16EEfGBBLgT-R5iuw
# (endEvent) endEvent _KEwDU16EEfGBBLgT-R5iuw
# (gateway) Tech Error -- entra por *regresso* - nao existe como transicao no XPDL
# (gateway) App Error
# (gateway) More Retries
# (gateway) gateway _KEwC716EEfGBBLgT-R5iuw
# (userTask) Manipular Excecao
# (gateway) Manually Fixed
# (endEvent) Done - Fixed
# (scriptTask) Set Technical Error -- Visitado noutra passagem por este mesmo troco (SC-PRPINTPC-014); nao aparece no percurso de referencia.

h3. Onde aterra
* {{src/SefazSp.Epat.Application/Abstractions/Services}} -- _final_ -- A porta e transcricao do WSDL e nao se mexe; a implementacao SOAP/JMS e que se escreve.
* {{src/SefazSp.Epat.Application/Execution}} -- _scaffold_ -- O script do iProcess faz as duas coisas. O que calcula ou decide sobre o caso e regra de dominio e vai para Domain/Rules como funcao pura; o que mexe no envelope tecnico - STATUS_CODE, contadores de retentativa - fica em Application/Execution. A separacao ja esta feita em rule-catalogue.json, campo classification.eRegraDeNegocio.
* {{src/SefazSp.Epat.Application/UseCases}} -- _scaffold_ -- Tarefa humana e um caso de uso. As regras do code-behind das telas aterram aqui porque decidem o desfecho do processo, nao a apresentacao.
* {{src/SefazSp.Epat.Application/Workflows}} -- _scaffold_ -- Escopo embutido e topologia: a descida e o regresso tem de existir como transicao explicita, porque no XPDL nao existem.
* {{src/SefazSp.Epat.Domain/Rules}} -- _draft_ -- O script do iProcess faz as duas coisas. O que calcula ou decide sobre o caso e regra de dominio e vai para Domain/Rules como funcao pura; o que mexe no envelope tecnico - STATUS_CODE, contadores de retentativa - fica em Application/Execution. A separacao ja esta feita em rule-catalogue.json, campo classification.eRegraDeNegocio.
* {{src/SefazSp.Epat.Infrastructure/Integration.Soap}} -- _scaffold_ -- A porta e transcricao do WSDL e nao se mexe; a implementacao SOAP/JMS e que se escreve.

h3. Como se prova
Oraculo *scenario-path*, 6 caso(s), fixture {{artifacts/POC_Epat/scenarios/SC-PRPINTPC-008.json}}.
{panel:bgColor=#fffae6}Os valores esperados sao do kit e sao imutaveis. Ligar o arnes a fixture; nunca escrever nem editar um valor esperado.{panel}
* Build limpo, sem avisos
* O percurso do passo 1 ao 19 do cenario SC-PRPINTPC-008 corre de ponta a ponta

h3. Bloqueadores
* *iprocess-builtin* (decided) -- 2 no(s) deste segmento, de 17 no pacote inteiro. Decisao ratificada em NOEQ-iprocess-builtin.

h3. Rasto
Card {{BUILD-PRPINTPC-seg036}} -- IR {{scenarios[SC-PRPINTPC-008].segmentos[1]}} -- pacote {{POC_Epat}} -- manifesto {{e319db2a191633c242c3768767273b292a21aaeceae26ac0e73993f5b80a7b38}}
_Antes de implementar, reconferir o manifesto: se nao bater, o card tem de ser regerado e nao implementado._","bloq:iprocess-builtin card:BUILD-PRPINTPC-seg036 epat-migracao etapa:3 etapa:4 gerado-pelo-kit peso:atravessa-o-sistema SAIAPP tipo:build","EPIC-etapa-3","BUILD-PRPINTPC-seg036"
"[BUILD-PRPINTPC-seg037] Integração com Decisions + Verificação do Retorno do Decisions: de 'Start Event' ate 'Done - Success'","Story","*Construir o troco da jornada que vai de 'Start Event' a 'Done - Success', reproduzindo o comportamento observado no legado.*

h3. Contexto
Troco de 15 passo(s) da jornada do caso, de 'Start Event' ate 'Done - Success', no processo PRPINTPC. ATENCAO: 2 passo(s) sao alcancados por ligacao que NAO existe como transicao no XPDL (descida, regresso) e tem de ser escrita explicitamente no fluxo .NET. O troco corre dentro de um processo chamado a partir de 'POC_EpatProcess/Prepara Intimação', e e dai que herda a etapa.

h3. Passos
# (startEvent) Start Event
# (scriptTask) SetParameters -- 1 regra(s) de negocio neste passo: RI-script-PRPINTPC-SetParameters
# (scriptTask) Start Loop -- 1 regra(s) de negocio neste passo: RI-script-PRPINTPC-StartLoop
# (subProcessScope) Control System Task Call
# (startEvent) startEvent _KEwDUl6EEfGBBLgT-R5iuw -- entra por *descida* - nao existe como transicao no XPDL
# (scriptTask) Start TX
# (gateway) Check Retries SW_QRETRYCOUNT -- 1 regra(s) de negocio neste passo: RI-transition-PRPINTPC-CheckRetriesSWQRETRYCOUNT
# (serviceTask) CaptaParametros
# (gateway) gateway _KEwDVl6EEfGBBLgT-R5iuw -- decide: A chamada a CaptaParametros foi bem sucedida?
# (scriptTask) Set App Error
# (gateway) gateway _KEwDV16EEfGBBLgT-R5iuw
# (endEvent) endEvent _KEwDU16EEfGBBLgT-R5iuw
# (gateway) Tech Error -- entra por *regresso* - nao existe como transicao no XPDL
# (gateway) App Error
# (endEvent) Done - Success
# (scriptTask) Set Technical Error -- Visitado noutra passagem por este mesmo troco (SC-PRPINTPC-016); nao aparece no percurso de referencia.

h3. Onde aterra
* {{src/SefazSp.Epat.Application/Abstractions/Services}} -- _final_ -- A porta e transcricao do WSDL e nao se mexe; a implementacao SOAP/JMS e que se escreve.
* {{src/SefazSp.Epat.Application/Execution}} -- _scaffold_ -- O script do iProcess faz as duas coisas. O que calcula ou decide sobre o caso e regra de dominio e vai para Domain/Rules como funcao pura; o que mexe no envelope tecnico - STATUS_CODE, contadores de retentativa - fica em Application/Execution. A separacao ja esta feita em rule-catalogue.json, campo classification.eRegraDeNegocio.
* {{src/SefazSp.Epat.Application/Workflows}} -- _scaffold_ -- Escopo embutido e topologia: a descida e o regresso tem de existir como transicao explicita, porque no XPDL nao existem.
* {{src/SefazSp.Epat.Domain/Rules}} -- _draft_ -- O script do iProcess faz as duas coisas. O que calcula ou decide sobre o caso e regra de dominio e vai para Domain/Rules como funcao pura; o que mexe no envelope tecnico - STATUS_CODE, contadores de retentativa - fica em Application/Execution. A separacao ja esta feita em rule-catalogue.json, campo classification.eRegraDeNegocio.
* {{src/SefazSp.Epat.Infrastructure/Integration.Soap}} -- _scaffold_ -- A porta e transcricao do WSDL e nao se mexe; a implementacao SOAP/JMS e que se escreve.

h3. Como se prova
Oraculo *scenario-path*, 3 caso(s), fixture {{artifacts/POC_Epat/scenarios/SC-PRPINTPC-010.json}}.
{panel:bgColor=#fffae6}Os valores esperados sao do kit e sao imutaveis. Ligar o arnes a fixture; nunca escrever nem editar um valor esperado.{panel}
* Build limpo, sem avisos
* O percurso do passo 1 ao 15 do cenario SC-PRPINTPC-010 corre de ponta a ponta

h3. Bloqueadores
* *iprocess-builtin* (decided) -- 2 no(s) deste segmento, de 17 no pacote inteiro. Decisao ratificada em NOEQ-iprocess-builtin.

h3. Rasto
Card {{BUILD-PRPINTPC-seg037}} -- IR {{scenarios[SC-PRPINTPC-010].segmentos[1]}} -- pacote {{POC_Epat}} -- manifesto {{e319db2a191633c242c3768767273b292a21aaeceae26ac0e73993f5b80a7b38}}
_Antes de implementar, reconferir o manifesto: se nao bater, o card tem de ser regerado e nao implementado._","bloq:iprocess-builtin card:BUILD-PRPINTPC-seg037 epat-migracao etapa:3 etapa:4 gerado-pelo-kit peso:atravessa-o-sistema SAIAPP tipo:build","EPIC-etapa-3","BUILD-PRPINTPC-seg037"
"[BUILD-PRPINTPC-seg038] Integração com Decisions + Verificação do Retorno do Decisions: de 'Start Event' ate 'Try Task'","Story","*Construir o troco da jornada que vai de 'Start Event' a 'Try Task', reproduzindo o comportamento observado no legado.*

h3. Contexto
Troco de 18 passo(s) da jornada do caso, de 'Start Event' ate 'Try Task', no processo PRPINTPC. ATENCAO: 3 passo(s) sao alcancados por ligacao que NAO existe como transicao no XPDL (descida, link, regresso) e tem de ser escrita explicitamente no fluxo .NET. O troco corre dentro de um processo chamado a partir de 'POC_EpatProcess/Prepara Intimação', e e dai que herda a etapa.

h3. Passos
# (startEvent) Start Event
# (scriptTask) SetParameters -- 1 regra(s) de negocio neste passo: RI-script-PRPINTPC-SetParameters
# (scriptTask) Start Loop -- 1 regra(s) de negocio neste passo: RI-script-PRPINTPC-StartLoop
# (subProcessScope) Control System Task Call
# (startEvent) startEvent _KEwDUl6EEfGBBLgT-R5iuw -- entra por *descida* - nao existe como transicao no XPDL
# (scriptTask) Start TX
# (gateway) Check Retries SW_QRETRYCOUNT -- 1 regra(s) de negocio neste passo: RI-transition-PRPINTPC-CheckRetriesSWQRETRYCOUNT
# (serviceTask) CaptaParametros
# (gateway) gateway _KEwDVl6EEfGBBLgT-R5iuw -- decide: A chamada a CaptaParametros foi bem sucedida?
# (scriptTask) Set App Error
# (gateway) gateway _KEwDV16EEfGBBLgT-R5iuw
# (endEvent) endEvent _KEwDU16EEfGBBLgT-R5iuw
# (gateway) Tech Error -- entra por *regresso* - nao existe como transicao no XPDL
# (gateway) App Error
# (gateway) More Retries
# (timerEvent) Pause
# (linkThrow) Link To: Try Task
# (linkCatch) Try Task -- entra por *link* - nao existe como transicao no XPDL
# (scriptTask) Set Technical Error -- Visitado noutra passagem por este mesmo troco (SC-PRPINTPC-013); nao aparece no percurso de referencia.

h3. Onde aterra
* {{src/SefazSp.Epat.Application/Abstractions/Services}} -- _final_ -- A porta e transcricao do WSDL e nao se mexe; a implementacao SOAP/JMS e que se escreve.
* {{src/SefazSp.Epat.Application/Execution}} -- _scaffold_ -- O script do iProcess faz as duas coisas. O que calcula ou decide sobre o caso e regra de dominio e vai para Domain/Rules como funcao pura; o que mexe no envelope tecnico - STATUS_CODE, contadores de retentativa - fica em Application/Execution. A separacao ja esta feita em rule-catalogue.json, campo classification.eRegraDeNegocio.
* {{src/SefazSp.Epat.Application/Workflows}} -- _scaffold_ -- Escopo embutido e topologia: a descida e o regresso tem de existir como transicao explicita, porque no XPDL nao existem.
* {{src/SefazSp.Epat.Domain/Abstractions}} -- _final_ -- O prazo e agendamento, logo topologia; mas depende de tempo, e tempo entra por IClock injectado. Nunca DateTime.Now - o teste de prazo precisa de relogio controlavel.
* {{src/SefazSp.Epat.Domain/Rules}} -- _draft_ -- O script do iProcess faz as duas coisas. O que calcula ou decide sobre o caso e regra de dominio e vai para Domain/Rules como funcao pura; o que mexe no envelope tecnico - STATUS_CODE, contadores de retentativa - fica em Application/Execution. A separacao ja esta feita em rule-catalogue.json, campo classification.eRegraDeNegocio.
* {{src/SefazSp.Epat.Infrastructure/Integration.Soap}} -- _scaffold_ -- A porta e transcricao do WSDL e nao se mexe; a implementacao SOAP/JMS e que se escreve.

h3. Como se prova
Oraculo *scenario-path*, 3 caso(s), fixture {{artifacts/POC_Epat/scenarios/SC-PRPINTPC-007.json}}.
{panel:bgColor=#fffae6}Os valores esperados sao do kit e sao imutaveis. Ligar o arnes a fixture; nunca escrever nem editar um valor esperado.{panel}
* Build limpo, sem avisos
* O percurso do passo 1 ao 18 do cenario SC-PRPINTPC-007 corre de ponta a ponta

h3. Bloqueadores
* *iprocess-builtin* (decided) -- 2 no(s) deste segmento, de 17 no pacote inteiro. Decisao ratificada em NOEQ-iprocess-builtin.
* *link-goto* (decided) -- 2 no(s) deste segmento, de 20 no pacote inteiro. Decisao ratificada em NOEQ-link-goto.

h3. Rasto
Card {{BUILD-PRPINTPC-seg038}} -- IR {{scenarios[SC-PRPINTPC-007].segmentos[1]}} -- pacote {{POC_Epat}} -- manifesto {{e319db2a191633c242c3768767273b292a21aaeceae26ac0e73993f5b80a7b38}}
_Antes de implementar, reconferir o manifesto: se nao bater, o card tem de ser regerado e nao implementado._","bloq:iprocess-builtin bloq:link-goto card:BUILD-PRPINTPC-seg038 epat-migracao etapa:3 etapa:4 gerado-pelo-kit peso:atravessa-o-sistema SAIAPP tipo:build","EPIC-etapa-3","BUILD-PRPINTPC-seg038"
"[DOUBLE-AGURETPC-interface] Duble para a interface de processo AGURETPC","Task","*Construir um duble fiel ao contrato de AGURETPC, conduzido por cenario, para que o destino em falta falhe de forma visivel em vez de silenciosa.*

h3. Contexto
A chamada e resolvida em execucao. Implementacoes entregues no pacote: AGPECASPC. O conjunto de destinos NAO e fechado, por isso o registo e validado no arranque: destino sem duble quebra o teste de registo, nao a producao.

h3. Onde aterra
* {{src/SefazSp.Epat.Infrastructure/Integration.Doubles}} -- _scaffold_ -- Duble tipado a partir da ProcessInterface, conduzido por cenario.

h3. Como se prova
Oraculo *contract*, 1 caso(s), fixture {{artifacts/POC_Epat/scaffold/src/SefazSp.Epat.Application/Abstractions/Processes/IAGURETPC.cs}}.
{panel:bgColor=#fffae6}Os valores esperados sao do kit e sao imutaveis. Ligar o arnes a fixture; nunca escrever nem editar um valor esperado.{panel}
* O registo de destinos e validado no arranque
* Destino sem implementacao falha de forma visivel

h3. Rasto
Card {{DOUBLE-AGURETPC-interface}} -- IR {{processInterfaces[AGURETPC]}} -- pacote {{POC_Epat}} -- manifesto {{e319db2a191633c242c3768767273b292a21aaeceae26ac0e73993f5b80a7b38}}
_Antes de implementar, reconferir o manifesto: se nao bater, o card tem de ser regerado e nao implementado._","card:DOUBLE-AGURETPC-interface epat-migracao etapa:2 gerado-pelo-kit peso:pequeno SAIAPP tipo:double","EPIC-fundacao","DOUBLE-AGURETPC-interface"
"[DOUBLE-CTRINTPC-interface] Duble para a interface de processo CTRINTPC","Task","*Construir um duble fiel ao contrato de CTRINTPC, conduzido por cenario, para que o destino em falta falhe de forma visivel em vez de silenciosa.*

h3. Contexto
A chamada e resolvida em execucao. Implementacoes entregues no pacote: CONTROPC. O conjunto de destinos NAO e fechado, por isso o registo e validado no arranque: destino sem duble quebra o teste de registo, nao a producao.

h3. Onde aterra
* {{src/SefazSp.Epat.Infrastructure/Integration.Doubles}} -- _scaffold_ -- Duble tipado a partir da ProcessInterface, conduzido por cenario.

h3. Como se prova
Oraculo *contract*, 1 caso(s), fixture {{artifacts/POC_Epat/scaffold/src/SefazSp.Epat.Application/Abstractions/Processes/ICTRINTPC.cs}}.
{panel:bgColor=#fffae6}Os valores esperados sao do kit e sao imutaveis. Ligar o arnes a fixture; nunca escrever nem editar um valor esperado.{panel}
* O registo de destinos e validado no arranque
* Destino sem implementacao falha de forma visivel

h3. Rasto
Card {{DOUBLE-CTRINTPC-interface}} -- IR {{processInterfaces[CTRINTPC]}} -- pacote {{POC_Epat}} -- manifesto {{e319db2a191633c242c3768767273b292a21aaeceae26ac0e73993f5b80a7b38}}
_Antes de implementar, reconferir o manifesto: se nao bater, o card tem de ser regerado e nao implementado._","card:DOUBLE-CTRINTPC-interface epat-migracao etapa:2 gerado-pelo-kit peso:pequeno SAIAPP tipo:double","EPIC-fundacao","DOUBLE-CTRINTPC-interface"
"[DOUBLE-NOTFAIIM-interface] Duble para a interface de processo NOTFAIIM","Task","*Construir um duble fiel ao contrato de NOTFAIIM, conduzido por cenario, para que o destino em falta falhe de forma visivel em vez de silenciosa.*

h3. Contexto
A chamada e resolvida em execucao. Implementacoes entregues no pacote: DEAT0050. O conjunto de destinos NAO e fechado, por isso o registo e validado no arranque: destino sem duble quebra o teste de registo, nao a producao.

h3. Onde aterra
* {{src/SefazSp.Epat.Infrastructure/Integration.Doubles}} -- _scaffold_ -- Duble tipado a partir da ProcessInterface, conduzido por cenario.

h3. Como se prova
Oraculo *contract*, 1 caso(s), fixture {{artifacts/POC_Epat/scaffold/src/SefazSp.Epat.Application/Abstractions/Processes/INOTFAIIM.cs}}.
{panel:bgColor=#fffae6}Os valores esperados sao do kit e sao imutaveis. Ligar o arnes a fixture; nunca escrever nem editar um valor esperado.{panel}
* O registo de destinos e validado no arranque
* Destino sem implementacao falha de forma visivel

h3. Rasto
Card {{DOUBLE-NOTFAIIM-interface}} -- IR {{processInterfaces[NOTFAIIM]}} -- pacote {{POC_Epat}} -- manifesto {{e319db2a191633c242c3768767273b292a21aaeceae26ac0e73993f5b80a7b38}}
_Antes de implementar, reconferir o manifesto: se nao bater, o card tem de ser regerado e nao implementado._","card:DOUBLE-NOTFAIIM-interface epat-migracao etapa:2 gerado-pelo-kit peso:pequeno SAIAPP tipo:double","EPIC-fundacao","DOUBLE-NOTFAIIM-interface"
"[VALID-ATUALIZARINTIMACAO1-contrato] Provar o contrato da operacao atualizarIntimacao.1","Task","*Verificar que a porta .NET desta operacao respeita a forma declarada no WSDL, em ambos os sentidos.*

h3. Contexto
Operacao realmente invocada pelo processo, em /EPATInterfaceWrappers/atualizarIntimacao.1. O contrato e o WSDL entregue; o teste compara pedido e resposta contra ele.

h3. Onde aterra
* {{tests/SefazSp.Epat.Oracles.Tests}} -- _scaffold_ -- Conformidade de contrato contra o WSDL fixado.

h3. Como se prova
Oraculo *contract*, 1 caso(s), fixture {{artifacts/POC_Epat/service-contracts.json}}.
{panel:bgColor=#fffae6}Os valores esperados sao do kit e sao imutaveis. Ligar o arnes a fixture; nunca escrever nem editar um valor esperado.{panel}
* Pedido e resposta validam contra o esquema do WSDL

h3. Rasto
Card {{VALID-ATUALIZARINTIMACAO1-contrato}} -- IR {{operations[__sol_EPATInterfaceWrappers_sol_atualizarIntimacao.1]}} -- pacote {{POC_Epat}} -- manifesto {{e319db2a191633c242c3768767273b292a21aaeceae26ac0e73993f5b80a7b38}}
_Antes de implementar, reconferir o manifesto: se nao bater, o card tem de ser regerado e nao implementado._","card:VALID-ATUALIZARINTIMACAO1-contrato epat-migracao etapa:3 gerado-pelo-kit peso:pequeno SAIAPP tipo:validation","EPIC-fundacao","VALID-ATUALIZARINTIMACAO1-contrato"
"[VALID-BUSCARVISTASATIVASPORAIIM1-contrato] Provar o contrato da operacao buscarVistasAtivasPorAiim.1","Task","*Verificar que a porta .NET desta operacao respeita a forma declarada no WSDL, em ambos os sentidos.*

h3. Contexto
Operacao realmente invocada pelo processo, em /EPATInterfaceWrappers/buscarVistasAtivasPorAiim.1. O contrato e o WSDL entregue; o teste compara pedido e resposta contra ele.

h3. Onde aterra
* {{tests/SefazSp.Epat.Oracles.Tests}} -- _scaffold_ -- Conformidade de contrato contra o WSDL fixado.

h3. Como se prova
Oraculo *contract*, 1 caso(s), fixture {{artifacts/POC_Epat/service-contracts.json}}.
{panel:bgColor=#fffae6}Os valores esperados sao do kit e sao imutaveis. Ligar o arnes a fixture; nunca escrever nem editar um valor esperado.{panel}
* Pedido e resposta validam contra o esquema do WSDL

h3. Rasto
Card {{VALID-BUSCARVISTASATIVASPORAIIM1-contrato}} -- IR {{operations[__sol_EPATInterfaceWrappers_sol_buscarVistasAtivasPorAiim.1]}} -- pacote {{POC_Epat}} -- manifesto {{e319db2a191633c242c3768767273b292a21aaeceae26ac0e73993f5b80a7b38}}
_Antes de implementar, reconferir o manifesto: se nao bater, o card tem de ser regerado e nao implementado._","card:VALID-BUSCARVISTASATIVASPORAIIM1-contrato epat-migracao etapa:3 gerado-pelo-kit peso:pequeno SAIAPP tipo:validation","EPIC-fundacao","VALID-BUSCARVISTASATIVASPORAIIM1-contrato"
"[VALID-CORTICON-tabela] Provar a equivalencia entre o DMN gerado e as planilhas Corticon","Task","*Correr cada coluna da planilha como caso e comparar o resultado do motor .NET com o do Corticon.*

h3. Contexto
As planilhas trazem 0 coluna(s) de regra. A ordem das colunas importa: uma posterior sobrescreve a anterior.

h3. Onde aterra
* {{tests/SefazSp.Epat.Oracles.Tests}} -- _scaffold_ -- Equivalencia DMN x Corticon, ja provada em 3000 casos; o card fixa-a como teste permanente.

h3. Como se prova
Oraculo *decision-table*, 1 caso(s), fixture {{artifacts/POC_Epat/dmn}}.
{panel:bgColor=#fffae6}Os valores esperados sao do kit e sao imutaveis. Ligar o arnes a fixture; nunca escrever nem editar um valor esperado.{panel}
* Zero divergencias entre DMN e Corticon

h3. Rasto
Card {{VALID-CORTICON-tabela}} -- IR {{rulesheets[*]}} -- pacote {{POC_Epat}} -- manifesto {{e319db2a191633c242c3768767273b292a21aaeceae26ac0e73993f5b80a7b38}}
_Antes de implementar, reconferir o manifesto: se nao bater, o card tem de ser regerado e nao implementado._","card:VALID-CORTICON-tabela epat-migracao etapa:3 gerado-pelo-kit peso:medio SAIAPP tipo:validation","EPIC-fundacao","VALID-CORTICON-tabela"
"[VALID-CRIARNOTIFICACOESAIIM1-contrato] Provar o contrato da operacao criarNotificacoesAIIM.1","Task","*Verificar que a porta .NET desta operacao respeita a forma declarada no WSDL, em ambos os sentidos.*

h3. Contexto
Operacao realmente invocada pelo processo, em /EPATInterfaceWrappers/criarNotificacoesAIIM.1. O contrato e o WSDL entregue; o teste compara pedido e resposta contra ele.

h3. Onde aterra
* {{tests/SefazSp.Epat.Oracles.Tests}} -- _scaffold_ -- Conformidade de contrato contra o WSDL fixado.

h3. Como se prova
Oraculo *contract*, 1 caso(s), fixture {{artifacts/POC_Epat/service-contracts.json}}.
{panel:bgColor=#fffae6}Os valores esperados sao do kit e sao imutaveis. Ligar o arnes a fixture; nunca escrever nem editar um valor esperado.{panel}
* Pedido e resposta validam contra o esquema do WSDL

h3. Rasto
Card {{VALID-CRIARNOTIFICACOESAIIM1-contrato}} -- IR {{operations[__sol_EPATInterfaceWrappers_sol_criarNotificacoesAIIM.1]}} -- pacote {{POC_Epat}} -- manifesto {{e319db2a191633c242c3768767273b292a21aaeceae26ac0e73993f5b80a7b38}}
_Antes de implementar, reconferir o manifesto: se nao bater, o card tem de ser regerado e nao implementado._","card:VALID-CRIARNOTIFICACOESAIIM1-contrato epat-migracao etapa:3 gerado-pelo-kit peso:pequeno SAIAPP tipo:validation","EPIC-fundacao","VALID-CRIARNOTIFICACOESAIIM1-contrato"
"[VALID-ETAPA1-percurso] Provar a etapa 1 - Fechamento do AIIM - por rasto de instancia","Task","*Montar o arnes que corre os percursos da etapa 1 e compara o rasto com o cenario, para que a etapa deixe de estar extraida e passe a provada.*

h3. Contexto
A etapa toca 41 no(s) e e exercitada por 62 cenario(s). O percurso de referencia e SC-POC_EpatProcess-009, com 37 passos, de 'Iniciar Novo Graft' a 'Fim'. Os valores esperados sao do kit e nao se editam.

h3. Onde aterra
* {{tests/SefazSp.Epat.Oracles.Tests}} -- _scaffold_ -- O agente liga o arnes a fixture e nunca escreve o valor esperado.

h3. Como se prova
Oraculo *scenario-path*, 62 caso(s), fixture {{artifacts/POC_Epat/scenarios/SC-POC_EpatProcess-009.json}}.
{panel:bgColor=#fffae6}Os valores esperados sao do kit e sao imutaveis. Ligar o arnes a fixture; nunca escrever nem editar um valor esperado.{panel}
* O rasto de execucao bate passo a passo com o percurso do cenario

h3. Rasto
Card {{VALID-ETAPA1-percurso}} -- IR {{etapas.footprint[1]}} -- pacote {{POC_Epat}} -- manifesto {{e319db2a191633c242c3768767273b292a21aaeceae26ac0e73993f5b80a7b38}}
_Antes de implementar, reconferir o manifesto: se nao bater, o card tem de ser regerado e nao implementado._","card:VALID-ETAPA1-percurso epat-migracao etapa:1 gerado-pelo-kit peso:grande SAIAPP tipo:validation","EPIC-etapa-1","VALID-ETAPA1-percurso"
"[VALID-ETAPA2-percurso] Provar a etapa 2 - Notificação do AIIM - por rasto de instancia","Task","*Montar o arnes que corre os percursos da etapa 2 e compara o rasto com o cenario, para que a etapa deixe de estar extraida e passe a provada.*

h3. Contexto
A etapa toca 102 no(s) e e exercitada por 100 cenario(s). O percurso de referencia e SC-POC_EpatProcess-009, com 37 passos, de 'Iniciar Novo Graft' a 'Fim'. Os valores esperados sao do kit e nao se editam.

h3. Onde aterra
* {{tests/SefazSp.Epat.Oracles.Tests}} -- _scaffold_ -- O agente liga o arnes a fixture e nunca escreve o valor esperado.

h3. Como se prova
Oraculo *scenario-path*, 100 caso(s), fixture {{artifacts/POC_Epat/scenarios/SC-POC_EpatProcess-009.json}}.
{panel:bgColor=#fffae6}Os valores esperados sao do kit e sao imutaveis. Ligar o arnes a fixture; nunca escrever nem editar um valor esperado.{panel}
* O rasto de execucao bate passo a passo com o percurso do cenario

h3. Rasto
Card {{VALID-ETAPA2-percurso}} -- IR {{etapas.footprint[2]}} -- pacote {{POC_Epat}} -- manifesto {{e319db2a191633c242c3768767273b292a21aaeceae26ac0e73993f5b80a7b38}}
_Antes de implementar, reconferir o manifesto: se nao bater, o card tem de ser regerado e nao implementado._","card:VALID-ETAPA2-percurso epat-migracao etapa:2 gerado-pelo-kit peso:grande SAIAPP tipo:validation","EPIC-etapa-2","VALID-ETAPA2-percurso"
"[VALID-ETAPA3-percurso] Provar a etapa 3 - Integração com Decisions - por rasto de instancia","Task","*Montar o arnes que corre os percursos da etapa 3 e compara o rasto com o cenario, para que a etapa deixe de estar extraida e passe a provada.*

h3. Contexto
A etapa toca 33 no(s) e e exercitada por 57 cenario(s). O percurso de referencia e SC-POC_EpatProcess-009, com 37 passos, de 'Iniciar Novo Graft' a 'Fim'. Os valores esperados sao do kit e nao se editam.

h3. Onde aterra
* {{tests/SefazSp.Epat.Oracles.Tests}} -- _scaffold_ -- O agente liga o arnes a fixture e nunca escreve o valor esperado.

h3. Como se prova
Oraculo *scenario-path*, 57 caso(s), fixture {{artifacts/POC_Epat/scenarios/SC-POC_EpatProcess-009.json}}.
{panel:bgColor=#fffae6}Os valores esperados sao do kit e sao imutaveis. Ligar o arnes a fixture; nunca escrever nem editar um valor esperado.{panel}
* O rasto de execucao bate passo a passo com o percurso do cenario

h3. Rasto
Card {{VALID-ETAPA3-percurso}} -- IR {{etapas.footprint[3]}} -- pacote {{POC_Epat}} -- manifesto {{e319db2a191633c242c3768767273b292a21aaeceae26ac0e73993f5b80a7b38}}
_Antes de implementar, reconferir o manifesto: se nao bater, o card tem de ser regerado e nao implementado._","card:VALID-ETAPA3-percurso epat-migracao etapa:3 gerado-pelo-kit peso:grande SAIAPP tipo:validation","EPIC-etapa-3","VALID-ETAPA3-percurso"
"[VALID-ETAPA4-percurso] Provar a etapa 4 - Verificação do Retorno do Decisions - por rasto de instancia","Task","*Montar o arnes que corre os percursos da etapa 4 e compara o rasto com o cenario, para que a etapa deixe de estar extraida e passe a provada.*

h3. Contexto
A etapa toca 76 no(s) e e exercitada por 79 cenario(s). O percurso de referencia e SC-POC_EpatProcess-009, com 37 passos, de 'Iniciar Novo Graft' a 'Fim'. Os valores esperados sao do kit e nao se editam.

h3. Onde aterra
* {{tests/SefazSp.Epat.Oracles.Tests}} -- _scaffold_ -- O agente liga o arnes a fixture e nunca escreve o valor esperado.

h3. Como se prova
Oraculo *scenario-path*, 79 caso(s), fixture {{artifacts/POC_Epat/scenarios/SC-POC_EpatProcess-009.json}}.
{panel:bgColor=#fffae6}Os valores esperados sao do kit e sao imutaveis. Ligar o arnes a fixture; nunca escrever nem editar um valor esperado.{panel}
* O rasto de execucao bate passo a passo com o percurso do cenario

h3. Rasto
Card {{VALID-ETAPA4-percurso}} -- IR {{etapas.footprint[4]}} -- pacote {{POC_Epat}} -- manifesto {{e319db2a191633c242c3768767273b292a21aaeceae26ac0e73993f5b80a7b38}}
_Antes de implementar, reconferir o manifesto: se nao bater, o card tem de ser regerado e nao implementado._","card:VALID-ETAPA4-percurso epat-migracao etapa:4 gerado-pelo-kit peso:grande SAIAPP tipo:validation","EPIC-etapa-4","VALID-ETAPA4-percurso"
"[VALID-ETAPA5-percurso] Provar a etapa 5 - Validação de Gateways Paralelos - por rasto de instancia","Task","*Montar o arnes que corre os percursos da etapa 5 e compara o rasto com o cenario, para que a etapa deixe de estar extraida e passe a provada.*

h3. Contexto
A etapa toca 47 no(s) e e exercitada por 45 cenario(s). O percurso de referencia e SC-POC_EpatProcess-009, com 37 passos, de 'Iniciar Novo Graft' a 'Fim'. Os valores esperados sao do kit e nao se editam.

h3. Onde aterra
* {{tests/SefazSp.Epat.Oracles.Tests}} -- _scaffold_ -- O agente liga o arnes a fixture e nunca escreve o valor esperado.

h3. Como se prova
Oraculo *scenario-path*, 45 caso(s), fixture {{artifacts/POC_Epat/scenarios/SC-POC_EpatProcess-009.json}}.
{panel:bgColor=#fffae6}Os valores esperados sao do kit e sao imutaveis. Ligar o arnes a fixture; nunca escrever nem editar um valor esperado.{panel}
* O rasto de execucao bate passo a passo com o percurso do cenario

h3. Rasto
Card {{VALID-ETAPA5-percurso}} -- IR {{etapas.footprint[5]}} -- pacote {{POC_Epat}} -- manifesto {{e319db2a191633c242c3768767273b292a21aaeceae26ac0e73993f5b80a7b38}}
_Antes de implementar, reconferir o manifesto: se nao bater, o card tem de ser regerado e nao implementado._","card:VALID-ETAPA5-percurso epat-migracao etapa:5 gerado-pelo-kit peso:grande SAIAPP tipo:validation","EPIC-etapa-5","VALID-ETAPA5-percurso"
"[VALID-ETAPA6-percurso] Provar a etapa 6 - Controle de Intimados - por rasto de instancia","Task","*Montar o arnes que corre os percursos da etapa 6 e compara o rasto com o cenario, para que a etapa deixe de estar extraida e passe a provada.*

h3. Contexto
A etapa toca 1 no(s) e e exercitada por 27 cenario(s). O percurso de referencia e SC-POC_EpatProcess-009, com 37 passos, de 'Iniciar Novo Graft' a 'Fim'. Os valores esperados sao do kit e nao se editam.

h3. Onde aterra
* {{tests/SefazSp.Epat.Oracles.Tests}} -- _scaffold_ -- O agente liga o arnes a fixture e nunca escreve o valor esperado.

h3. Como se prova
Oraculo *scenario-path*, 27 caso(s), fixture {{artifacts/POC_Epat/scenarios/SC-POC_EpatProcess-009.json}}.
{panel:bgColor=#fffae6}Os valores esperados sao do kit e sao imutaveis. Ligar o arnes a fixture; nunca escrever nem editar um valor esperado.{panel}
* O rasto de execucao bate passo a passo com o percurso do cenario

h3. Rasto
Card {{VALID-ETAPA6-percurso}} -- IR {{etapas.footprint[6]}} -- pacote {{POC_Epat}} -- manifesto {{e319db2a191633c242c3768767273b292a21aaeceae26ac0e73993f5b80a7b38}}
_Antes de implementar, reconferir o manifesto: se nao bater, o card tem de ser regerado e nao implementado._","card:VALID-ETAPA6-percurso epat-migracao etapa:6 gerado-pelo-kit peso:pequeno SAIAPP tipo:validation","EPIC-etapa-6","VALID-ETAPA6-percurso"
"[VALID-ETAPA7-percurso] Provar a etapa 7 - Encerramento - por rasto de instancia","Task","*Montar o arnes que corre os percursos da etapa 7 e compara o rasto com o cenario, para que a etapa deixe de estar extraida e passe a provada.*

h3. Contexto
A etapa toca 7 no(s) e e exercitada por 47 cenario(s). O percurso de referencia e SC-POC_EpatProcess-009, com 37 passos, de 'Iniciar Novo Graft' a 'Fim'. Os valores esperados sao do kit e nao se editam.

h3. Onde aterra
* {{tests/SefazSp.Epat.Oracles.Tests}} -- _scaffold_ -- O agente liga o arnes a fixture e nunca escreve o valor esperado.

h3. Como se prova
Oraculo *scenario-path*, 47 caso(s), fixture {{artifacts/POC_Epat/scenarios/SC-POC_EpatProcess-009.json}}.
{panel:bgColor=#fffae6}Os valores esperados sao do kit e sao imutaveis. Ligar o arnes a fixture; nunca escrever nem editar um valor esperado.{panel}
* O rasto de execucao bate passo a passo com o percurso do cenario

h3. Rasto
Card {{VALID-ETAPA7-percurso}} -- IR {{etapas.footprint[7]}} -- pacote {{POC_Epat}} -- manifesto {{e319db2a191633c242c3768767273b292a21aaeceae26ac0e73993f5b80a7b38}}
_Antes de implementar, reconferir o manifesto: se nao bater, o card tem de ser regerado e nao implementado._","card:VALID-ETAPA7-percurso epat-migracao etapa:7 gerado-pelo-kit peso:medio SAIAPP tipo:validation","EPIC-etapa-7","VALID-ETAPA7-percurso"
"[VALID-GATEWAYSAND-conceito] Provar o conceito Gateways Paralelos (AND)","Task","*Montar o arnes que prova o conceito 'Gateways Paralelos (AND)': Divisao e sincronizacao de fluxos paralelos. Nenhum passo do processo o demonstra sozinho, por isso nao cabe em card de segmento.*

h3. Contexto
Conceito da seccao 2 do documento, detectado por elemento BPMN (parallelGateway) e nao por tipo de no - e por isso invisivel para os cards de segmento. Ocorre em 3 ponto(s). Etapa derivada dos nos onde o conceito ocorre - o documento nao o atribui a etapa nenhuma. Sustenta o(s) resultado(s) esperado(s) modelagem-bpmn, paralelo-sincronizacao. Os valores esperados sao do kit e nao se editam.

h3. Onde aterra
* {{tests/SefazSp.Epat.Oracles.Tests}} -- _scaffold_ -- O agente liga o arnes a fixture e nunca escreve o valor esperado.

h3. Como se prova
Oraculo *scenario-path*, 146 caso(s), fixture {{artifacts/POC_Epat/scenarios/index.json}}.
{panel:bgColor=#fffae6}Os valores esperados sao do kit e sao imutaveis. Ligar o arnes a fixture; nunca escrever nem editar um valor esperado.{panel}
* O conceito e observavel em execucao nos 3 ponto(s) onde o pacote o usa

h3. Rasto
Card {{VALID-GATEWAYSAND-conceito}} -- IR {{concepts[gateways-and]}} -- pacote {{POC_Epat}} -- manifesto {{e319db2a191633c242c3768767273b292a21aaeceae26ac0e73993f5b80a7b38}}
_Antes de implementar, reconferir o manifesto: se nao bater, o card tem de ser regerado e nao implementado._","card:VALID-GATEWAYSAND-conceito epat-migracao etapa:1 etapa:2 etapa:5 gerado-pelo-kit peso:medio SAIAPP tipo:validation","EPIC-fundacao","VALID-GATEWAYSAND-conceito"
"[VALID-GRAFTSTEP-conceito] Provar o conceito Graft Step","Task","*Montar o arnes que prova o conceito 'Graft Step': Acoplamento dinamico de um fluxo ou subprocesso durante a execucao do processo principal, sem que ele faca parte originalmente da sequencia de atividades. Nenhum passo do processo o demonstra sozinho, por isso nao cabe em card de segmento.*

h3. Contexto
Conceito da seccao 2 do documento, detectado por nome do passo ('graft') e nao por tipo de no - e por isso invisivel para os cards de segmento. Ocorre em 4 ponto(s). Etapa derivada dos nos onde o conceito ocorre - o documento nao o atribui a etapa nenhuma. Sustenta o(s) resultado(s) esperado(s) criacao-dinamica, compatibilidade-iprocess. Os valores esperados sao do kit e nao se editam.

h3. Onde aterra
* {{tests/SefazSp.Epat.Oracles.Tests}} -- _scaffold_ -- O agente liga o arnes a fixture e nunca escreve o valor esperado.

h3. Como se prova
Oraculo *scenario-path*, 146 caso(s), fixture {{artifacts/POC_Epat/scenarios/index.json}}.
{panel:bgColor=#fffae6}Os valores esperados sao do kit e sao imutaveis. Ligar o arnes a fixture; nunca escrever nem editar um valor esperado.{panel}
* O conceito e observavel em execucao nos 4 ponto(s) onde o pacote o usa

h3. Rasto
Card {{VALID-GRAFTSTEP-conceito}} -- IR {{concepts[graft-step]}} -- pacote {{POC_Epat}} -- manifesto {{e319db2a191633c242c3768767273b292a21aaeceae26ac0e73993f5b80a7b38}}
_Antes de implementar, reconferir o manifesto: se nao bater, o card tem de ser regerado e nao implementado._","card:VALID-GRAFTSTEP-conceito epat-migracao etapa:2 gerado-pelo-kit peso:medio SAIAPP tipo:validation","EPIC-fundacao","VALID-GRAFTSTEP-conceito"
"[VALID-OBTERPRIMEIRODIAUTILAPOSPERIODODEDIASCORRIDOSDEAT1-contrato] Provar o contrato da operacao obterPrimeiroDiaUtilAposPeriodoDeDiasCorridosDEAT.1","Task","*Verificar que a porta .NET desta operacao respeita a forma declarada no WSDL, em ambos os sentidos.*

h3. Contexto
Operacao realmente invocada pelo processo, em /EPATInterfaceWrappers/obterPrimeiroDiaUtilAposPeriodoDeDiasCorridosDEAT.1. O contrato e o WSDL entregue; o teste compara pedido e resposta contra ele.

h3. Onde aterra
* {{tests/SefazSp.Epat.Oracles.Tests}} -- _scaffold_ -- Conformidade de contrato contra o WSDL fixado.

h3. Como se prova
Oraculo *contract*, 1 caso(s), fixture {{artifacts/POC_Epat/service-contracts.json}}.
{panel:bgColor=#fffae6}Os valores esperados sao do kit e sao imutaveis. Ligar o arnes a fixture; nunca escrever nem editar um valor esperado.{panel}
* Pedido e resposta validam contra o esquema do WSDL

h3. Rasto
Card {{VALID-OBTERPRIMEIRODIAUTILAPOSPERIODODEDIASCORRIDOSDEAT1-contrato}} -- IR {{operations[__sol_EPATInterfaceWrappers_sol_obterPrimeiroDiaUtilAposPeriodoDeDiasCorridosDEAT.1]}} -- pacote {{POC_Epat}} -- manifesto {{e319db2a191633c242c3768767273b292a21aaeceae26ac0e73993f5b80a7b38}}
_Antes de implementar, reconferir o manifesto: se nao bater, o card tem de ser regerado e nao implementado._","card:VALID-OBTERPRIMEIRODIAUTILAPOSPERIODODEDIASCORRIDOSDEAT1-contrato epat-migracao etapa:3 gerado-pelo-kit peso:pequeno SAIAPP tipo:validation","EPIC-fundacao","VALID-OBTERPRIMEIRODIAUTILAPOSPERIODODEDIASCORRIDOSDEAT1-contrato"
"[VALID-PREPARARINTIMACAO-contrato] Provar o contrato da operacao PrepararIntimacao","Task","*Verificar que a porta .NET desta operacao respeita a forma declarada no WSDL, em ambos os sentidos.*

h3. Contexto
Operacao realmente invocada pelo processo, em /Business Processes/Decision/Sub Processes/Intimacao/PrepararIntimacao. O contrato e o WSDL entregue; o teste compara pedido e resposta contra ele.

h3. Onde aterra
* {{tests/SefazSp.Epat.Oracles.Tests}} -- _scaffold_ -- Conformidade de contrato contra o WSDL fixado.

h3. Como se prova
Oraculo *contract*, 1 caso(s), fixture {{artifacts/POC_Epat/service-contracts.json}}.
{panel:bgColor=#fffae6}Os valores esperados sao do kit e sao imutaveis. Ligar o arnes a fixture; nunca escrever nem editar um valor esperado.{panel}
* Pedido e resposta validam contra o esquema do WSDL

h3. Rasto
Card {{VALID-PREPARARINTIMACAO-contrato}} -- IR {{operations[__sol_Business_sp_Processes_sol_Decision_sol_Sub_sp_Processes_sol_Intimacao_sol_PrepararIntimacao]}} -- pacote {{POC_Epat}} -- manifesto {{e319db2a191633c242c3768767273b292a21aaeceae26ac0e73993f5b80a7b38}}
_Antes de implementar, reconferir o manifesto: se nao bater, o card tem de ser regerado e nao implementado._","card:VALID-PREPARARINTIMACAO-contrato epat-migracao etapa:3 gerado-pelo-kit peso:pequeno SAIAPP tipo:validation","EPIC-fundacao","VALID-PREPARARINTIMACAO-contrato"
"[VALID-TIMERSDEADLINES-conceito] Provar o conceito Timers e Deadlines","Task","*Montar o arnes que prova o conceito 'Timers e Deadlines': Controle de prazo e vencimento de atividades. Nenhum passo do processo o demonstra sozinho, por isso nao cabe em card de segmento.*

h3. Contexto
Conceito da seccao 2 do documento, detectado por elemento BPMN (timerEventDefinition) e nao por tipo de no - e por isso invisivel para os cards de segmento. Ocorre em 11 ponto(s). Etapa derivada dos nos onde o conceito ocorre - o documento nao o atribui a etapa nenhuma. Sustenta o(s) resultado(s) esperado(s) sla-prazos. Os valores esperados sao do kit e nao se editam.

h3. Onde aterra
* {{tests/SefazSp.Epat.Oracles.Tests}} -- _scaffold_ -- O agente liga o arnes a fixture e nunca escreve o valor esperado.

h3. Como se prova
Oraculo *scenario-path*, 146 caso(s), fixture {{artifacts/POC_Epat/scenarios/index.json}}.
{panel:bgColor=#fffae6}Os valores esperados sao do kit e sao imutaveis. Ligar o arnes a fixture; nunca escrever nem editar um valor esperado.{panel}
* O conceito e observavel em execucao nos 11 ponto(s) onde o pacote o usa

h3. Rasto
Card {{VALID-TIMERSDEADLINES-conceito}} -- IR {{concepts[timers-deadlines]}} -- pacote {{POC_Epat}} -- manifesto {{e319db2a191633c242c3768767273b292a21aaeceae26ac0e73993f5b80a7b38}}
_Antes de implementar, reconferir o manifesto: se nao bater, o card tem de ser regerado e nao implementado._","card:VALID-TIMERSDEADLINES-conceito epat-migracao etapa:1 etapa:2 etapa:3 etapa:4 etapa:5 gerado-pelo-kit peso:medio SAIAPP tipo:validation","EPIC-fundacao","VALID-TIMERSDEADLINES-conceito"
